"recordNumber","AccessOn","Equipment","InstallLocation","first_download","last_download","last_changed_in_Database"
1,2022-10-17 06:25:59,100000543,"Otanewainuku Lookout Track",2008-01-21,2021-02-10,2021-03-31 14:00:46
2,2022-10-17 06:25:59,100030300,"Lake Marian Track - Lower",2008-04-22,2022-06-23,2022-06-29 16:09:12
3,2022-10-17 06:25:59,100030301,"Lake Marian Track - Upper",2008-04-22,2022-06-23,2022-06-29 14:56:55
4,2022-10-17 06:25:59,100030331,"Franz Josef Glacier Forest Wk",2009-07-01,2018-02-24,2020-01-07 11:58:44
5,2022-10-17 06:25:59,100033456,"Boundary Stream Middle Track",2007-12-10,2016-04-26,2016-05-02 15:57:04
6,2022-10-17 06:25:59,100033459,"Field Track",2008-06-10,2019-06-14,2019-07-12 16:56:32
7,2022-10-17 06:25:59,100033460,"Waitewaewae Track",2008-06-10,2022-01-25,2022-02-25 14:05:15
8,2022-10-17 06:25:59,100033461,"Avalanche Peak Track",2010-04-21,2021-11-05,2021-11-25 15:56:40
9,2022-10-17 06:25:59,100033465,"Tasman Glacier, Blue Lake Walk",2008-11-25,2022-05-30,2022-06-03 08:57:07
10,2022-10-17 06:25:59,100034088,"Wharekirauponga Track",2011-01-18,2022-06-22,2022-06-29 10:09:46
11,2022-10-17 06:25:59,100037706,"Wilkies Pool Loop Track",2008-05-26,2022-03-14,2022-03-22 15:58:48
12,2022-10-17 06:25:59,100037872,"Old Fort Road",2008-07-08,2021-10-15,2021-12-02 15:58:54
13,2022-10-17 06:25:59,100037879,"Papaitonga Scenic Reserve Tk 2",2008-06-10,2022-06-09,2022-06-20 13:59:30
14,2022-10-17 06:25:59,100037908,"Mohi Bush Scenic Reserve",2008-04-24,2020-12-19,2021-12-21 16:00:15
15,2022-10-17 06:25:59,100038172,"Routeburn Tk, Key Summit Tk",2008-04-25,2022-02-21,2022-03-07 09:56:10
16,2022-10-17 06:25:59,100038223,"Gertrude Valley Track",2008-04-23,2021-11-03,2021-12-16 13:58:00
17,2022-10-17 06:25:59,100038279,"Tekapo Walkway - Mt John",2008-05-29,2021-04-29,2021-06-23 14:56:45
18,2022-10-17 06:25:59,100038646,"Routeburn, Flats to Falls Hut",2008-05-16,2022-02-20,2022-04-08 10:58:11
19,2022-10-17 06:25:59,100038809,"Arnold Bridge Walk (Moana)",2008-04-24,2022-06-03,2022-06-22 11:01:38
20,2022-10-17 06:25:59,100039495,"Ngamoko Track",2008-05-15,2012-06-18,2012-06-26 11:33:15
21,2022-10-17 06:25:59,100039886,"Taranaki Falls Walk",2008-06-10,2022-04-12,2022-04-28 15:56:24
22,2022-10-17 06:25:59,100043435,"Harwoods Hole Track",2008-06-10,2022-02-20,2022-03-04 12:56:11
23,2022-10-17 06:25:59,100043437,"Routeburn Nature Walk",2008-05-28,2022-06-03,2022-06-20 12:57:40
24,2022-10-17 06:25:59,100043438,"Routeburn, Harris Saddle",2008-05-16,2022-02-19,2022-04-08 10:58:57
25,2022-10-17 06:25:59,100043439,"Historic Ship Cove / Meretoto",2008-06-03,2022-05-18,2022-05-20 11:56:49
26,2022-10-17 06:25:59,100043441,"Pohatu Track",2013-05-13,2013-05-13,2013-06-05 14:32:22
27,2022-10-17 06:25:59,100043443,"Cape Kidnappers Walking Track",2008-07-14,2021-06-04,2021-08-16 16:56:31
28,2022-10-17 06:25:59,100043444,"Kiwi Saddle hut to Kaweka J tk",2008-05-17,2018-10-29,2018-11-21 11:57:26
29,2022-10-17 06:25:59,100043445,"Moturua Island, Hikurangi Pa",2008-06-05,2021-10-29,2021-11-18 13:56:48
30,2022-10-17 06:25:59,100043695,"Routeburn, Flats Hut",2008-05-16,2022-02-20,2022-04-08 10:57:30
31,2022-10-17 06:25:59,100043696,"Cape Foulwind, Omau carpark",2008-04-02,2022-04-26,2022-05-04 13:59:09
32,2022-10-17 06:25:59,100054068,"Charming Creek Walkway",2008-03-31,2021-09-27,2021-09-29 10:57:08
33,2022-10-17 06:25:59,100055332,"Moirs Hill, Beverley Price tk",2010-05-25,2022-02-20,2022-03-07 09:56:15
34,2022-10-17 06:25:59,100055334,"Seven Mile Pt Track",2008-05-26,2022-04-12,2022-04-28 15:56:16
35,2022-10-17 06:25:59,100055451,"Cape Fowlwind, Tauranga Bay",2008-03-31,2022-05-26,2022-06-02 14:58:19
36,2022-10-17 06:25:59,100055454,"Croesus Track, Blackball",2008-04-17,2022-01-17,2022-01-25 12:57:58
37,2022-10-17 06:25:59,100055455,"Lake Daniell Track",2008-06-12,2022-03-30,2022-04-20 15:57:01
38,2022-10-17 06:25:59,100055458,"Lake Matheson Walk",2008-07-23,2022-05-10,2022-06-30 16:56:24
39,2022-10-17 06:25:59,100055785,"Lakes to Mt Kuripapango Tk",2007-12-14,2016-09-18,2016-10-31 15:58:16
40,2022-10-17 06:25:59,100055887,"Tongariro Xing Mangatepopo Tk",2008-06-10,2022-05-14,2022-05-19 11:56:42
41,2022-10-17 06:25:59,100055888,"Abel Tasman Coast Tk, Marahau",2008-05-08,2022-06-21,2022-06-23 13:56:17
42,2022-10-17 06:25:59,100056087,"Round the Mountain Tk, Rangipo",2008-06-19,2022-01-20,2022-01-26 12:00:05
43,2022-10-17 06:25:59,100056088,"Mt Arthur Route",2009-10-13,2022-04-22,2022-05-02 15:57:28
44,2022-10-17 06:25:59,100056089,"Rangitoto Track, Summit",2008-03-25,2022-06-07,2022-06-20 13:03:38
45,2022-10-17 06:25:59,100056090,"Rangitoto Summit track start",2008-06-05,2022-05-13,2022-05-19 11:56:37
46,2022-10-17 06:25:59,100056164,"Pearl Harbour-Back Valley Trk",2008-04-23,2021-11-24,2021-12-07 12:57:23
47,2022-10-17 06:25:59,100056165,"Hollyford Trk - L McKerrow Nth",2008-04-24,2020-07-30,2020-08-10 14:56:15
48,2022-10-17 06:25:59,100056166,"Waipohatu Loop Track",2008-05-30,2022-04-20,2022-05-02 13:56:38
49,2022-10-17 06:25:59,100056167,"Walls Whare To Cone Saddle Trk",2009-10-06,2022-04-05,2022-04-20 13:56:59
50,2022-10-17 06:25:59,100056168,"Walls Whare Totara Flats Hut",2009-10-06,2020-09-28,2020-11-19 14:56:04
51,2022-10-17 06:25:59,100056169,"Hacket Track",2008-06-01,2022-06-03,2022-06-20 12:58:56
52,2022-10-17 06:25:59,100056170,"Pisa Range Ridge Track",2008-02-07,2020-10-16,2020-10-29 11:56:34
53,2022-10-17 06:25:59,100056171,"Tuahu Track (East)",2008-03-13,2021-05-24,2021-07-24 09:56:44
54,2022-10-17 06:25:59,100056173,"Stanfield Hut to Takapari Road",2008-03-25,2010-12-09,2010-12-10 12:00:06
55,2022-10-17 06:25:59,100056206,"Abel Tasman Coast Tk, Tonga",2008-05-08,2022-06-11,2022-06-30 16:56:19
56,2022-10-17 06:25:59,100056375,"Nikau Bush Conservation Area",2008-04-08,2018-06-12,2018-06-20 16:57:54
57,2022-10-17 06:25:59,100056376,"JM Barker (Hapupu) Hist.Res",2010-08-24,2019-01-24,2019-02-12 12:57:21
58,2022-10-17 06:25:59,100056377,"Henga Scenic Reserve",2008-04-09,2019-02-07,2019-03-08 15:57:17
59,2022-10-17 06:25:59,100056436,"Whirinaki Track, Pleatau Rd",2008-05-20,2022-02-01,2022-02-28 11:56:29
60,2022-10-17 06:25:59,100056580,"Wentworth Falls Walk",2011-01-18,2022-06-01,2022-06-08 13:59:01
61,2022-10-17 06:25:59,100056617,"Mangakara Nature Walk",2009-12-07,2022-05-23,2022-06-01 14:02:13
62,2022-10-17 06:25:59,100056709,"Aranga Hut to Peak 1396 Track",2008-04-05,2011-08-16,2012-08-27 17:32:39
63,2022-10-17 06:25:59,100056710,"Whisky Gully Loop Track",2008-04-15,2022-04-26,2022-05-04 13:57:45
64,2022-10-17 06:25:59,100056711,"Forest Hill Tk -Tussock Ck End",2008-05-26,2022-04-22,2022-05-04 13:58:28
65,2022-10-17 06:25:59,100056712,"Seaward Downs Loop Track",2008-04-15,2021-07-28,2021-08-09 16:00:37
66,2022-10-17 06:25:59,100056811,"Orongorongo Track",2008-02-14,2022-03-18,2022-04-01 12:58:01
67,2022-10-17 06:25:59,100056812,"Heaphy Track, Heaphy Hut",2008-03-05,2022-04-28,2022-06-23 18:57:02
68,2022-10-17 06:25:59,100056813,"Henry Peak Kaiauai Track",2008-05-27,2022-03-21,2021-04-08 14:56:41
69,2022-10-17 06:25:59,100056814,"Fox River Caves Track",2009-07-04,2022-06-20,2022-06-23 10:56:38
70,2022-10-17 06:25:59,100057040,"Ahukawakawa Track",2008-05-28,2022-03-18,2022-04-01 11:59:20
71,2022-10-17 06:25:59,100057052,"Ngarunui (Bryant) Track",2010-10-13,2022-02-03,2022-03-01 13:56:45
72,2022-10-17 06:25:59,100057058,"Oaonui Track",2008-06-02,2020-09-29,2021-04-08 14:13:26
73,2022-10-17 06:25:59,100057059,"Point Elizabeth Walkway",2008-04-24,2022-03-30,2022-04-14 11:57:04
74,2022-10-17 06:25:59,100057060,"Middle Hill to Makino Tk Junc.",2008-05-19,2016-04-27,2016-04-29 17:56:21
75,2022-10-17 06:25:59,100057061,"Dolamore Track",2008-04-16,2017-08-18,2017-12-19 11:56:01
76,2022-10-17 06:25:59,100057062,"Rarakau Rdend-Breakneck River",2008-05-27,2022-05-18,2022-05-20 10:57:00
77,2022-10-17 06:25:59,100057063,"Round Hill Walking Track",2008-05-28,2022-05-05,2022-05-11 14:56:48
78,2022-10-17 06:25:59,100057064,"Kingswood Bush Track",2008-05-27,2022-04-21,2022-05-04 10:57:17
79,2022-10-17 06:25:59,100057065,"Ngahere Ara Track",2008-04-16,2022-04-20,2022-05-02 13:56:35
80,2022-10-17 06:25:59,100057090,"Woods Creek Walk",2009-09-04,2022-04-05,2022-06-28 15:56:26
81,2022-10-17 06:25:59,100057092,"",2007-11-28,2009-07-22,2010-05-31 11:59:53
82,2022-10-17 06:25:59,100057094,"Foveaux Walkway",2008-05-26,2021-04-25,2021-09-17 17:56:26
83,2022-10-17 06:25:59,100057095,"Forest Hill Tk-Forest Hill end",2008-05-26,2016-07-21,2016-08-01 11:54:23
84,2022-10-17 06:25:59,100057096,"Borland Nature Track",2008-05-27,2022-05-18,2022-05-20 11:56:45
85,2022-10-17 06:25:59,100057097,"Whisky Creek/Poppelwells Tks",2008-04-16,2020-07-29,2021-02-17 17:56:52
86,2022-10-17 06:25:59,100057098,"Dean Forest, Big Totara Track",2008-05-27,2022-05-05,2022-06-15 14:59:07
87,2022-10-17 06:25:59,100057099,"Waipohatu Waterfalls Track",2008-06-01,2020-03-02,2020-03-11 15:57:18
88,2022-10-17 06:25:59,100057100,"Kepler Track, Waiau River",2008-04-23,2022-05-17,2022-05-20 09:56:48
89,2022-10-17 06:25:59,100057101,"Pukenui Forest Loop Track",2010-05-28,2022-03-16,2022-03-21 16:56:55
90,2022-10-17 06:25:59,100057226,"Otatara Pa",2011-05-12,2018-05-30,2018-08-24 15:56:53
91,2022-10-17 06:25:59,100057272,"Whispering Falls Track",2008-06-01,2022-05-11,2022-05-19 11:56:36
92,2022-10-17 06:25:59,100057273,"Mt Arthur Walk",2009-10-13,2022-06-21,2022-06-23 13:56:33
93,2022-10-17 06:25:59,100057274,"Tableland Circuit, Gridiron",2009-10-13,2022-06-21,2022-06-23 13:56:35
94,2022-10-17 06:25:59,100057276,"Old Man Range, Symes Rd",2008-03-27,2022-01-31,2022-06-23 18:56:47
95,2022-10-17 06:25:59,100057278,"Sentry Box to Parks Peak Track",2008-05-09,2012-01-24,2012-02-02 15:32:38
96,2022-10-17 06:25:59,100057279,"Parks Peak to Upper Makaroro",2008-05-08,2012-01-24,2012-02-02 16:32:29
97,2022-10-17 06:25:59,100057472,"Whangaruru North Head Tracks",2007-06-13,2022-04-05,2022-04-27 11:57:25
98,2022-10-17 06:25:59,100057473,"Mangawhai Walkway",2007-06-12,2022-03-01,2022-03-14 16:56:34
99,2022-10-17 06:25:59,100060385,"Otago Rail Trail, Poolburn",2008-06-05,2022-06-02,2022-06-28 10:57:13
100,2022-10-17 06:25:59,100061343,"Wainui Falls Track",2009-10-20,2022-05-25,2022-06-01 16:06:32
101,2022-10-17 06:25:59,100063663,"Grove Track",2009-10-20,2022-05-04,2022-05-11 13:56:48
102,2022-10-17 06:25:59,100063665,"Wharariki Beach Track",2009-10-19,2022-06-09,2022-06-20 14:58:11
103,2022-10-17 06:25:59,100064463,"Monowai Lookout Track",2008-05-27,2022-05-17,2022-05-20 11:56:47
104,2022-10-17 06:25:59,100064486,"Bannockburn Loop Track",2008-06-03,2022-06-23,2022-06-29 13:57:38
105,2022-10-17 06:25:59,100064686,"Sentinel Rock Walk",2008-06-09,2022-05-26,2022-06-01 16:10:06
106,2022-10-17 06:25:59,100065282,"Quee Charlotte Tk, Ship Cove",2008-06-03,2022-05-18,2022-05-20 11:56:51
107,2022-10-17 06:25:59,100065283,"Quee Charlotte Tk, The Pines",2008-06-04,2021-10-06,2021-10-12 14:57:03
108,2022-10-17 06:25:59,100065284,"Quee Charlotte Tk, Torea",2008-06-03,2022-04-06,2022-05-10 15:56:28
109,2022-10-17 06:25:59,100065286,"Marawaiwai Track",2008-05-16,2022-01-03,2022-06-23 18:57:10
110,2022-10-17 06:25:59,100072204,"Onepoto Caves Track",2008-05-13,2012-06-25,2012-06-26 11:33:39
111,2022-10-17 06:25:59,100072205,"Whatapo Bay Track",2008-05-13,2012-06-25,2012-06-26 12:33:30
112,2022-10-17 06:25:59,100072362,"Temple Basin Track",2008-11-17,2021-11-07,2022-03-23 09:56:17
113,2022-10-17 06:25:59,100072363,"Dart Track, Chinamans Bluff",2008-05-28,2021-11-15,2021-12-02 18:57:32
114,2022-10-17 06:25:59,100072365,"Catlins River Track",2008-06-10,2022-01-25,2022-03-14 16:56:40
115,2022-10-17 06:25:59,100072367,"Roberts Point Track",2008-07-21,2020-07-24,2020-07-29 14:57:58
116,2022-10-17 06:25:59,100072481,"Hinau Track",2008-05-13,2012-06-25,2012-06-26 11:34:03
117,2022-10-17 06:25:59,100072608,"Lake Rotopounamu Walk",2008-06-19,2020-10-08,2020-10-19 12:57:02
118,2022-10-17 06:25:59,100072799,"Ihaia Track",2008-05-28,2022-04-01,2022-04-19 13:57:13
119,2022-10-17 06:25:59,100072947,"Oruiwaka Tk, Waterfall Loop tk",2008-05-19,2022-01-20,2022-01-26 11:07:37
120,2022-10-17 06:25:59,100072948,"Moerangi Track",2008-05-19,2020-01-16,2020-01-21 09:58:25
121,2022-10-17 06:25:59,100072950,"Mangorei Track",2008-05-27,2022-03-18,2022-04-01 13:57:45
122,2022-10-17 06:25:59,100072951,"Potaema Walk",2008-05-26,2018-10-29,2019-04-30 12:56:28
123,2022-10-17 06:25:59,100072952,"Ratapihipihi Track",2008-05-29,2022-03-22,2022-04-04 10:59:51
124,2022-10-17 06:25:59,100073031,"Tongariro Xing, Ketetahi Track",2008-06-19,2022-04-30,2022-06-27 15:57:30
125,2022-10-17 06:25:59,100073032,"Dome Tk, Tearooms to Lookout",2008-05-12,2021-12-15,2021-12-21 14:57:29
126,2022-10-17 06:25:59,100073033,"Moirs Hill, Waterfall Track",2010-05-25,2022-02-21,2022-03-22 16:57:28
127,2022-10-17 06:25:59,100073041,"Nikau Loop Track, Morere S R",2008-05-13,2022-05-23,2022-06-01 14:00:20
128,2022-10-17 06:25:59,100073042,"North Egmont Nature Walk",2008-03-14,2022-03-10,2022-03-18 09:56:46
129,2022-10-17 06:25:59,100073044,"Wharawhara Tramway Track",2007-10-17,2020-06-17,2020-07-06 11:56:31
130,2022-10-17 06:25:59,100073045,"Matakuhia Track",2008-06-15,2022-02-01,2022-02-28 11:56:32
131,2022-10-17 06:25:59,100073046,"Orua / Sandfly Bay Track",2008-01-23,2022-06-22,2022-06-29 10:57:03
132,2022-10-17 06:25:59,100073047,"Tauranga Track",2008-05-16,2020-09-01,2020-09-07 14:56:12
133,2022-10-17 06:25:59,100073075,"Bridal Veil Falls Shortwalk",2008-05-23,2022-04-04,2022-04-20 13:56:53
134,2022-10-17 06:25:59,100073154,"Hooker Valley Track",2008-11-24,2022-05-31,2022-06-03 10:57:03
135,2022-10-17 06:25:59,100073192,"Otito Reserve Track",2007-11-16,2021-09-24,2022-03-23 10:56:18
136,2022-10-17 06:25:59,100073193,"Manaia Ridge Track",2007-06-11,2021-11-03,2021-11-23 09:56:20
137,2022-10-17 06:25:59,100073291,"Whangatawhia - Okahu Track",2008-05-19,2022-05-25,2022-06-08 16:02:42
138,2022-10-17 06:25:59,100073292,"Mangatoatoa Track",2008-05-14,2012-05-23,2012-05-30 10:32:51
139,2022-10-17 06:25:59,100073304,"Louges Bush Tracks",2008-04-02,2020-03-03,2020-03-16 14:57:16
140,2022-10-17 06:25:59,100073312,"Mahia Peninsula Scenic Reserve",2008-05-13,2021-04-12,2021-10-07 16:57:07
141,2022-10-17 06:25:59,100073327,"Twilight/Te Werahi Loop Track",2009-12-10,2020-09-30,2021-01-27 09:58:44
142,2022-10-17 06:25:59,100073328,"Paihia Lookout Track",2009-09-09,2022-05-20,2022-06-08 15:56:56
143,2022-10-17 06:25:59,100073387,"Granity Pass Track",2007-11-08,2022-03-17,2022-03-25 10:00:32
144,2022-10-17 06:25:59,100073388,"Ridge Loop track",2008-05-29,2022-03-16,2022-03-22 16:01:04
145,2022-10-17 06:25:59,100073389,"Otira Valley Track",2008-11-17,2022-06-09,2022-06-20 16:58:21
146,2022-10-17 06:25:59,100073390,"Colonial Knob Walkway",2008-06-10,2018-11-15,2018-12-14 12:56:55
147,2022-10-17 06:25:59,100073664,"Urupukapuka Is, Otehei Bay",2008-06-06,2021-10-08,2021-10-12 14:57:11
148,2022-10-17 06:25:59,100073666,"Broken Hills Battery Walk",2012-08-03,2022-02-09,2022-03-02 11:57:33
149,2022-10-17 06:25:59,100073669,"Bream Head, Peach Cove Track",2007-03-14,2022-05-18,2022-05-20 10:56:57
150,2022-10-17 06:25:59,100073670,"Puketi Nature trail",2009-09-07,2018-06-28,2018-07-12 13:57:11
151,2022-10-17 06:25:59,100073709,"Waiotahi / Karaka Track",2012-03-29,2022-06-23,2022-06-29 13:57:01
152,2022-10-17 06:25:59,100073967,"Rockys Walk",2012-05-03,2022-06-15,2022-06-22 13:57:56
153,2022-10-17 06:25:59,100073968,"Mahurangi Island Track",2012-06-27,2021-04-29,2021-07-21 11:58:05
154,2022-10-17 06:25:59,100074004,"Oparara Arch Track",2008-03-18,2022-04-29,2022-05-10 14:57:16
155,2022-10-17 06:25:59,100074005,"Moturua Island, Homestead Bay",2008-06-06,2021-05-11,2021-07-26 15:57:52
156,2022-10-17 06:25:59,100074006,"Manganui Gorge Track",2008-05-26,2021-10-10,2021-10-13 16:57:33
157,2022-10-17 06:25:59,100080895,"Peters Pool Walk",2008-07-25,2015-11-02,2015-11-18 12:56:41
158,2022-10-17 06:25:59,100081486,"Orokawa Bay Track",2008-09-22,2021-06-30,2021-08-19 14:56:39
159,2022-10-17 06:25:59,100081554,"Lake Hayes Walkway",2008-10-14,2022-06-01,2022-06-08 13:59:38
160,2022-10-17 06:25:59,100081555,"Whakaari Cons Area, Judah Tk",2008-10-14,2022-04-29,2022-06-28 17:56:18
161,2022-10-17 06:25:59,100081556,"Ben Lomond Walkway",2008-10-15,2022-02-10,2022-02-24 14:00:50
162,2022-10-17 06:25:59,100081557,"Greenstone Track, Home Creek",2008-10-09,2021-11-03,2021-11-23 14:56:19
163,2022-10-17 06:25:59,100081558,"Caples Track",2008-10-17,2021-11-03,2021-11-23 14:56:27
164,2022-10-17 06:25:59,100081559,"Routeburn Tk, North Branch",2008-10-17,2022-02-20,2022-04-08 11:00:12
165,2022-10-17 06:25:59,100081561,"Greenstone Track, McKellar Hut",2010-10-13,2022-02-24,2022-03-15 08:56:40
166,2022-10-17 06:25:59,100081603,"Mt Aspiring Visitor Centre",2008-11-14,2022-06-01,2022-06-03 14:57:16
167,2022-10-17 06:25:59,100081701,"Aoraki Mt Cook Visitor Center",2009-07-08,2022-06-07,2022-06-20 13:00:07
168,2022-10-17 06:25:59,100081719,"Orongorongo Huts, Big Bend Tk",2009-01-23,2020-03-09,2021-02-17 17:56:54
169,2022-10-17 06:25:59,100081728,"Whakanui Track",2008-12-12,2022-02-01,2022-03-01 10:56:40
170,2022-10-17 06:25:59,100081729,"Five Mile Loop Track",2008-12-17,2022-03-18,2022-04-01 12:58:36
171,2022-10-17 06:25:59,100081730,"Catchpool Loop Track",2008-12-17,2022-02-02,2022-02-28 12:56:45
172,2022-10-17 06:25:59,100081731,"Cross Creek Trk",2009-06-24,2016-02-25,2016-03-01 15:57:40
173,2022-10-17 06:25:59,100081732,"Castlepoint, Lighthouse Walk",2008-12-16,2021-10-04,2021-10-06 16:57:08
174,2022-10-17 06:25:59,100081733,"Castlepoint, Deliverance Cove",2008-12-02,2022-05-13,2022-05-19 15:56:37
175,2022-10-17 06:25:59,100081734,"Atiwhakatu Track",2009-08-06,2022-04-05,2022-04-20 13:56:56
176,2022-10-17 06:25:59,100081735,"Gentle Annie Track",2009-07-28,2021-04-01,2021-06-09 10:56:57
177,2022-10-17 06:25:59,100081736,"Field To Kime Track",2009-02-26,2016-08-31,2016-09-07 10:58:49
178,2022-10-17 06:25:59,100081737,"Otaki Forks Fenceline Walk",2008-06-17,2019-10-09,2020-02-18 10:56:46
179,2022-10-17 06:25:59,100081738,"Arcus Loop Track",2008-06-18,2019-06-09,2019-11-05 16:57:14
180,2022-10-17 06:25:59,100081740,"Waiopehu Track",2008-06-21,2022-04-28,2022-05-19 10:56:41
181,2022-10-17 06:25:59,100082226,"Otago Cnt Rail Trail, Hyde",2009-10-07,2022-06-03,2022-06-09 14:58:44
182,2022-10-17 06:25:59,100082712,"Nelson Lakes Visitor Center",2009-05-25,2022-05-29,2022-06-02 16:57:23
183,2022-10-17 06:25:59,100082716,"Te Ara Pataka Tk, Mt Sinclair",2008-11-12,2021-11-26,2021-12-01 14:57:32
184,2022-10-17 06:25:59,100082782,"Little River Trail, Birdlings",2008-11-12,2022-03-15,2022-03-21 14:57:02
185,2022-10-17 06:25:59,100082783,"Little River Trail, Motukarara",2008-11-12,2022-05-27,2022-06-02 14:58:55
186,2022-10-17 06:25:59,100082785,"Godley Head Track",2008-11-13,2021-09-14,2021-09-20 10:57:43
187,2022-10-17 06:25:59,100082806,"The Monument Tk, Lk Manapouri",2009-11-16,2021-07-19,2021-08-13 13:56:38
188,2022-10-17 06:25:59,100082807,"Stockyard Cove Track",2009-11-16,2021-07-19,2021-08-13 13:56:39
189,2022-10-17 06:25:59,100082812,"Kepler Tk, Brod Bay",2009-01-20,2021-11-04,2021-12-21 15:58:01
190,2022-10-17 06:25:59,100082814,"Kepler Tk, Brod Bay to Luxmore",2009-11-17,2022-02-01,2022-06-27 17:04:40
191,2022-10-17 06:25:59,100082815,"Key Summit Track",2009-11-18,2022-02-20,2022-06-21 15:59:29
192,2022-10-17 06:25:59,100082817,"Hollyford track (roadend)",2009-11-18,2021-07-20,2021-08-12 09:57:29
193,2022-10-17 06:25:59,100082823,"Dusky Track, Upper Spey River",2009-01-08,2022-02-08,2022-03-03 12:57:53
194,2022-10-17 06:25:59,100082825,"refer to LT tab for details",2011-08-28,2021-12-21,2022-03-03 13:57:20
195,2022-10-17 06:25:59,100082827,"Travers - Sabine Track",2011-11-14,2014-06-26,2014-06-30 13:42:34
196,2022-10-17 06:25:59,100082931,"Kaikoura Walkway, South Bay",2009-04-08,2021-11-18,2022-01-12 10:57:03
197,2022-10-17 06:25:59,100083261,"Karangahake, Tunnel Loop Wway",2008-09-22,2022-04-13,2022-04-29 12:58:50
198,2022-10-17 06:25:59,100083264,"Karangahake, Crown Tramway",2008-09-22,2022-04-13,2022-06-15 17:56:44
199,2022-10-17 06:25:59,100083265,"Karangahake, Waikino Bridge",2008-09-22,2022-04-13,2022-04-29 12:58:11
200,2022-10-17 06:25:59,100083266,"Crown Tramway Track",2008-09-22,2022-04-13,2022-04-29 12:57:34
201,2022-10-17 06:25:59,100083268,"Waiorongomai, Water Race Tk",2008-09-23,2021-10-27,2022-03-23 10:56:26
202,2022-10-17 06:25:59,100083269,"Wairere Falls Track",2008-09-23,2021-10-27,2021-10-29 12:56:44
203,2022-10-17 06:25:59,100083270,"Kaimai North-South Tk, South",2008-09-23,2021-05-20,2021-08-27 17:56:01
204,2022-10-17 06:25:59,100083395,"Eastern Okataina Walkway",2008-09-24,2022-06-02,2022-06-29 12:57:10
205,2022-10-17 06:25:59,100083399,"Mt Ngongotaha Track",2008-09-25,2022-06-09,2022-06-20 14:57:31
206,2022-10-17 06:25:59,100083541,"Whites Bay, Black Jack Tk",2009-07-09,2022-06-09,2021-08-06 15:56:41
207,2022-10-17 06:25:59,100083837,"Gordon Park Scenic Reserve",2009-05-08,2022-05-18,2022-05-30 19:01:32
208,2022-10-17 06:25:59,100083838,"Atene Viewpoint Walk",2009-06-15,2018-10-16,2018-12-14 12:56:09
209,2022-10-17 06:25:59,100083840,"Bridge to Nowhere Walk",2009-06-16,2020-09-22,2021-08-06 15:56:43
210,2022-10-17 06:25:59,100083841,"Te Maire Loop Track",2010-03-24,2018-09-05,2019-10-10 09:57:13
211,2022-10-17 06:25:59,100083931,"Sealy Tarns Track",2009-01-12,2022-05-30,2022-06-03 09:57:43
212,2022-10-17 06:25:59,100083954,"Wiremu Merito Reserve Track",2008-09-29,2022-05-25,2022-06-28 10:57:47
213,2022-10-17 06:25:59,100083956,"Old Fort Road, MTB",2009-12-04,2022-03-03,2022-03-15 16:56:37
214,2022-10-17 06:25:59,100083977,"Kauaeranga Vistor Center",2009-12-07,2022-06-01,2022-06-03 14:57:15
215,2022-10-17 06:25:59,100083980,"Jum Michel Walk",2009-07-03,2022-03-30,2022-04-14 11:57:23
216,2022-10-17 06:25:59,100083982,"Lake Kaniere, Kahikatea Walk",2009-07-02,2022-05-17,2022-05-20 09:56:41
217,2022-10-17 06:25:59,100084014,"Hokitika Gorge, swingbridge",2009-09-15,2022-06-14,2022-06-22 12:01:01
218,2022-10-17 06:25:59,100084053,"Ross Water Race Walkway",2009-07-03,2022-04-01,2022-04-19 12:57:03
219,2022-10-17 06:25:59,100084060,"Mangakahika Track",2008-09-29,2022-02-25,2022-03-09 11:56:12
220,2022-10-17 06:25:59,100084064,"Whirinaki Tk, Pukahunui Road",2008-10-29,2022-02-01,2022-02-28 11:56:31
221,2022-10-17 06:25:59,100084066,"Lower Whirinaki  Track",2008-09-30,2022-01-20,2022-01-26 11:08:45
222,2022-10-17 06:25:59,100084329,"Te Anau Visitor Centre",2009-08-03,2022-06-01,2022-06-08 13:57:48
223,2022-10-17 06:25:59,100084439,"Gabriels Gully Track",2010-12-08,2021-08-11,2022-06-14 14:57:31
224,2022-10-17 06:25:59,100084455,"Okere Falls Walk",2008-09-24,2022-05-09,2022-05-19 10:56:38
225,2022-10-17 06:25:59,100084657,"Dolomite Point / Pancake Rocks",2009-01-12,2022-06-16,2022-06-29 10:04:22
226,2022-10-17 06:25:59,100084734,"Kerkeri River Senic Reserve Tk",2009-09-09,2020-02-05,2020-03-10 13:56:58
227,2022-10-17 06:25:59,100084741,"Goldie Bush, Horsman Road",2009-09-11,2022-01-23,2022-02-03 14:57:46
228,2022-10-17 06:25:59,100084749,"Minga Track",2008-11-19,2022-02-18,2022-03-08 10:58:19
229,2022-10-17 06:25:59,100084750,"Wharfedale Track",2011-03-17,2022-02-08,2022-06-28 14:56:22
230,2022-10-17 06:25:59,100084751,"Scotts Track",2008-11-18,2022-06-07,2022-06-20 16:57:45
231,2022-10-17 06:25:59,100084752,"Devils Punchbowl Falls Track",2008-11-18,2022-06-09,2022-06-20 16:57:05
232,2022-10-17 06:25:59,100084753,"Waterfall Creek Track",2011-04-07,2020-09-20,2020-11-16 08:56:56
233,2022-10-17 06:25:59,100084782,"Nga Tapuwae o Toi Walkway",2008-09-30,2021-12-29,2022-06-28 09:56:25
234,2022-10-17 06:25:59,100084857,"Sugarloaf Track",2009-11-12,2022-03-02,2022-03-15 16:56:34
235,2022-10-17 06:25:59,100084938,"Jacks Point Track",2010-07-21,2022-01-25,2022-01-26 14:58:48
236,2022-10-17 06:25:59,100084939,"Macetown Campsite Road",2011-03-30,2017-05-08,2017-06-12 15:57:28
237,2022-10-17 06:25:59,100085054,"Paines Ford Walkway",2009-10-22,2022-05-25,2022-06-01 16:01:50
238,2022-10-17 06:25:59,100085112,"Queenstown Visitor Centre",2009-11-07,2022-05-11,2022-05-19 10:56:29
239,2022-10-17 06:25:59,100085131,"Ulva Is - West End Beach",2009-11-09,2022-06-16,2022-06-23 09:56:42
240,2022-10-17 06:25:59,100085132,"Ulva Is - Post Office Cove",2009-11-09,2022-06-16,2022-06-23 09:56:37
241,2022-10-17 06:25:59,100085133,"Freshwater Landing-Homestead",2009-11-10,2022-01-25,2022-02-28 11:56:15
242,2022-10-17 06:25:59,100085134,"Freshwater Jctn to Freds Camp",2009-11-17,2022-01-24,2022-02-28 11:56:20
243,2022-10-17 06:25:59,100085135,"North Arm to Freshwater Hut",2009-11-10,2022-01-25,2022-02-28 11:56:23
244,2022-10-17 06:25:59,100085136,"Rocky Mountain Track",2009-11-10,2021-09-16,2021-09-21 10:56:38
245,2022-10-17 06:25:59,100085137,"Maori Beach to Port William",2009-11-11,2022-02-24,2022-03-08 11:00:09
246,2022-10-17 06:25:59,100085138,"Lee Bay Gate to Maori Beach",2010-02-16,2022-02-20,2022-03-04 13:56:06
247,2022-10-17 06:25:59,100085139,"Observation Rock Track",2009-11-09,2022-02-23,2022-03-07 14:56:11
248,2022-10-17 06:25:59,100085140,"Ocean Beach Track",2009-11-09,2022-02-03,2022-03-02 15:57:58
249,2022-10-17 06:25:59,100085190,"Raroa Walk",2009-11-12,2022-02-23,2022-03-07 14:56:14
250,2022-10-17 06:25:59,100085201,"Otago Cnt Rail Trail, Waipiata",2009-12-01,2022-06-03,2022-06-09 13:59:40
251,2022-10-17 06:25:59,100085202,"Otago Cnt Rail Trail, Idaburn",2010-03-12,2022-06-02,2022-06-09 14:00:21
252,2022-10-17 06:25:59,100085354,"Heaphy Track, Kohaihai",2008-03-18,2022-05-31,2022-06-03 14:57:10
253,2022-10-17 06:25:59,100085479,"Little Mt Peel Tk, Deer Spur",2008-11-21,2022-04-27,2022-05-04 14:59:17
254,2022-10-17 06:25:59,100085568,"Catchpool Road",2009-12-04,2022-04-29,2022-06-21 15:57:46
255,2022-10-17 06:25:59,100085890,"Makahu Saddle To Kaweka J",2010-04-14,2018-08-26,2018-08-29 10:56:57
256,2022-10-17 06:25:59,100086040,"Holdsworth Road",2010-03-25,2016-06-03,2018-03-05 11:56:48
257,2022-10-17 06:25:59,100086050,"Mahinepua Peninsular Track",2010-06-02,2022-02-01,2022-02-28 09:57:01
258,2022-10-17 06:25:59,100086051,"Graham Valley Road",2010-04-06,2021-12-22,2022-05-03 14:57:00
259,2022-10-17 06:25:59,100086207,"Te Puia Hut Track",2010-01-19,2019-02-17,2019-02-18 09:58:29
260,2022-10-17 06:25:59,100086209,"Makahu Rd to Makino Hut Track",2010-01-19,2017-09-30,2018-08-29 09:57:31
261,2022-10-17 06:25:59,100086214,"Denniston Road",2010-12-13,2022-05-26,2022-06-02 13:58:09
262,2022-10-17 06:25:59,100086261,"Lake Heron / Lake Hill Tk",2010-06-19,2020-06-29,2021-04-08 14:56:38
263,2022-10-17 06:25:59,100086393,"Bream Head, SmugglersTrack",2010-09-07,2022-05-18,2022-05-20 10:56:55
264,2022-10-17 06:25:59,100086394,"Watkin Powell Track",2010-05-27,2021-10-08,2021-10-12 14:57:18
265,2022-10-17 06:25:59,100086395,"Waro Limestone Scenic Reserve",2010-05-27,2022-03-16,2022-03-21 16:56:54
266,2022-10-17 06:25:59,100086396,"Pukenui Forest, Taraire Ridge",2010-05-28,2022-03-16,2022-03-21 15:57:02
267,2022-10-17 06:25:59,100086425,"Glory Track",2010-06-17,2022-02-27,2022-03-09 15:56:14
268,2022-10-17 06:25:59,100086426,"Tuatapere Domain Tracks",2010-06-16,2016-10-03,2016-12-20 11:57:45
269,2022-10-17 06:25:59,100086427,"Waituna Lagoon Loop Track",2010-06-15,2022-04-20,2022-05-04 09:57:16
270,2022-10-17 06:25:59,100086431,"Hakatere Heron Rd, Buicks Bdg",2010-06-17,2019-10-19,2021-03-11 14:16:19
271,2022-10-17 06:25:59,100086444,"Manawatu Gorge Track Midway",2010-12-13,2021-03-17,2021-04-30 13:57:35
272,2022-10-17 06:25:59,100086445,"Manawatu Gorge Track Klein",2010-12-13,2021-07-14,2021-08-16 11:56:48
273,2022-10-17 06:25:59,100086446,"Manawatu Gorge Loop Track",2010-12-13,2021-07-15,2021-08-16 11:56:49
274,2022-10-17 06:25:59,100086447,"Iron Bark Hut to Otukota",2010-12-10,2012-08-22,2012-08-27 17:32:37
275,2022-10-17 06:25:59,100086448,"Takapari Road to Diggers Hut",2010-12-14,2014-08-11,2019-03-05 10:57:09
276,2022-10-17 06:25:59,100086449,"Mangaweka Scenic Reserve",2011-02-02,2017-11-29,2017-12-01 16:57:42
277,2022-10-17 06:25:59,100086451,"Manawatu Gorge Track, Ashhurst",2010-12-13,2022-03-18,2022-04-01 11:58:38
278,2022-10-17 06:25:59,100086452,"Kawhatau Base to Colenso Track",2010-12-15,2018-08-29,2018-12-10 11:00:15
279,2022-10-17 06:25:59,100086453,"Kawhatau Base to McKinnon Hut",2010-12-15,2018-08-29,2018-12-10 12:03:23
280,2022-10-17 06:25:59,100086454,"Kelly Knight Track",2011-10-07,2017-09-28,2017-12-22 11:57:34
281,2022-10-17 06:25:59,100086455,"Purity Hut Track",2011-03-31,2013-05-14,2013-05-20 09:32:11
282,2022-10-17 06:25:59,100086456,"Rangiwahia Hut Track",2010-12-21,2021-11-25,2021-12-01 15:56:42
283,2022-10-17 06:25:59,100086457,"Oroua Carpk to ANH Lodge",2011-02-08,2016-08-29,2016-09-08 12:00:10
284,2022-10-17 06:25:59,100086458,"Deerford Loop Track",2010-12-16,2017-11-17,2017-12-22 15:59:17
285,2022-10-17 06:25:59,100086459,"Mid Pohangina Track",2010-12-14,2015-05-14,2015-05-19 13:56:48
286,2022-10-17 06:25:59,100086460,"Bruce Park Loop Track",2011-02-04,2021-11-22,2021-12-02 15:57:23
287,2022-10-17 06:25:59,100086461,"No. 1 Line Track to Lookout",2010-12-09,2017-12-06,2018-03-06 15:57:01
288,2022-10-17 06:25:59,100086478,"Goldie Bush, Constable Road",2010-05-24,2022-03-26,2022-04-08 09:58:52
289,2022-10-17 06:25:59,100086522,"Warrens Track",2011-07-07,2021-05-28,2022-02-28 16:55:58
290,2022-10-17 06:25:59,100086553,"Okarito Trig Track",2010-09-21,2022-01-11,2022-01-12 14:57:18
291,2022-10-17 06:25:59,100086690,"Ruapekapeka Pa, Carpark",2010-05-27,2022-02-15,2022-06-01 10:57:24
292,2022-10-17 06:25:59,100086994,"Twizel River Trail",2010-07-20,2013-07-21,2013-07-29 11:32:05
293,2022-10-17 06:25:59,100087013,"Oteake, Manuherikia Rd",2010-10-05,2019-02-12,2019-02-22 11:57:35
294,2022-10-17 06:25:59,100087014,"Oteake, Manuherikia Rd West",2010-10-20,2022-05-17,2022-05-19 16:56:30
295,2022-10-17 06:25:59,100087015,"Oteake, Johnstones Creek",2010-10-20,2022-04-04,2022-06-21 16:01:08
296,2022-10-17 06:25:59,100087016,"Oteake, Mt Buster Rd",2010-10-20,2019-05-01,2019-05-27 16:59:35
297,2022-10-17 06:25:59,100087221,"Abel Tasman Track, Falls River",2010-12-22,2022-06-14,2022-06-22 13:57:14
298,2022-10-17 06:25:59,100087633,"Tongariro River Walkway",2010-08-23,2022-02-02,2022-02-28 14:56:39
299,2022-10-17 06:25:59,100087634,"Tree Trunk Gorge",2010-08-23,2022-02-02,2022-02-28 14:56:33
300,2022-10-17 06:25:59,100087637,"Great Lake Trail, Kawakawa Bay",2010-08-25,2021-01-27,2021-05-10 15:58:33
301,2022-10-17 06:25:59,100087638,"Great Lake Trail, Kawakawa MTB",2011-02-09,2021-09-09,2021-09-14 14:57:02
302,2022-10-17 06:25:59,100087639,"Rotary Ride, Spa-Huka Cycle Tk",2010-08-25,2022-06-17,2022-06-22 16:57:50
303,2022-10-17 06:25:59,100087640,"Great Lake Trail, W2K Track",2010-08-25,2022-06-16,2022-06-29 10:05:53
304,2022-10-17 06:25:59,100087641,"Great Lake Trail, W2K Tk MTB",2011-02-09,2022-06-16,2022-06-22 16:57:16
305,2022-10-17 06:25:59,100087648,"Goat Island Bay Track",2010-08-11,2022-03-15,2022-03-21 14:57:05
306,2022-10-17 06:25:59,100087675,"Tama lakes Track",2010-08-24,2022-04-16,2022-05-02 11:56:26
307,2022-10-17 06:25:59,100087676,"Ohakune Old Coach Road",2010-08-24,2022-04-13,2022-04-29 11:56:57
308,2022-10-17 06:25:59,100087838,"Barryville Walk",2016-07-04,2021-03-11,2021-07-26 17:05:32
309,2022-10-17 06:25:59,100087861,"Araheke Walk",2010-09-07,2019-05-10,2020-03-11 16:57:06
310,2022-10-17 06:25:59,100087862,"Kapuni Loop Track",2010-09-08,2022-03-16,2022-03-22 15:59:29
311,2022-10-17 06:25:59,100087869,"Opapaka Pa",2010-10-12,2022-03-01,2022-03-15 13:56:40
312,2022-10-17 06:25:59,100087870,"Waitomo Walkway",2010-10-12,2022-02-28,2022-03-15 14:56:36
313,2022-10-17 06:25:59,100087872,"Mt Pureora Track",2010-10-11,2020-10-14,2021-02-26 15:56:54
314,2022-10-17 06:25:59,100087873,"Rimu Track",2010-10-11,2022-03-01,2022-03-15 12:56:44
315,2022-10-17 06:25:59,100087874,"Totara Walk",2010-10-11,2022-03-01,2022-03-15 12:56:46
316,2022-10-17 06:25:59,100087875,"Ruakuri Walkway",2010-10-12,2021-05-06,2021-06-30 14:56:14
317,2022-10-17 06:25:59,100088064,"Hihikiwi Track",2010-10-13,2021-12-14,2021-12-17 09:56:17
318,2022-10-17 06:25:59,100088088,"Blue Lake Loop Track",2011-07-13,2022-06-06,2022-06-29 10:11:31
319,2022-10-17 06:25:59,100088207,"Karangahake, Windows Walk",2010-10-15,2021-06-01,2021-07-30 11:56:40
320,2022-10-17 06:25:59,100088217,"Nikau Walk",2010-10-14,2022-03-28,2022-04-08 11:57:00
321,2022-10-17 06:25:59,100088218,"Whangamarino Historic Walk",2010-10-14,2022-04-05,2022-04-20 13:56:55
322,2022-10-17 06:25:59,100088268,"Progress Waterace Walk",2010-12-24,2016-05-11,2017-07-25 12:03:44
323,2022-10-17 06:25:59,100088339,"Tauwhare Pa Historic site/walk",2010-11-02,2021-10-27,2021-10-29 11:56:35
324,2022-10-17 06:25:59,100088346,"McLean Falls Walk",2010-12-08,2022-05-27,2022-06-02 15:57:30
325,2022-10-17 06:25:59,100088687,"Murray Creek Track",2010-12-21,2022-06-10,2022-06-22 11:02:21
326,2022-10-17 06:25:59,100088703,"Upper Clutha River tk",2011-01-28,2022-03-23,2022-04-04 13:00:04
327,2022-10-17 06:25:59,100088706,"Lake Waikareiti Walk",2010-12-21,2012-05-25,2012-05-29 13:33:02
328,2022-10-17 06:25:59,100088707,"Aniwaniwa Visitor Centre",2010-12-21,2014-11-26,2014-12-05 18:20:54
329,2022-10-17 06:25:59,100088878,"Coromandel WWay, Stony Bay",2011-01-19,2022-01-14,2022-01-17 10:56:51
330,2022-10-17 06:25:59,100088879,"Coromandel WWay, Fletcher Bay",2011-01-20,2021-12-23,2022-01-11 09:59:58
331,2022-10-17 06:25:59,100088880,"Muriwai Walk",2011-01-20,2022-01-20,2022-01-26 13:04:39
332,2022-10-17 06:25:59,100088881,"Whenuakite Kauri Walk",2011-01-18,2022-03-14,2022-03-18 12:56:44
333,2022-10-17 06:25:59,100088886,"Webb Creek To Hydro Camp",2011-01-17,2022-05-17,2022-06-01 14:00:54
334,2022-10-17 06:25:59,100088891,"Wainora Kauri Tk, Cookson Walk",2011-01-21,2022-06-23,2022-06-29 11:58:15
335,2022-10-17 06:25:59,100088892,"Wainora Kauri Track",2011-01-21,2022-05-26,2022-06-02 14:01:58
336,2022-10-17 06:25:59,100088893,"Billy Goat Walk",2011-01-21,2022-05-20,2022-06-02 14:00:00
337,2022-10-17 06:25:59,100088894,"Waiomu Kauri Walk",2011-01-17,2021-10-01,2021-10-07 15:57:16
338,2022-10-17 06:25:59,100088895,"Opito Pa Walk",2011-01-19,2022-06-21,2022-06-23 10:56:44
339,2022-10-17 06:25:59,100089136,"Mitchell's Cottage Historic",2011-07-01,2021-11-27,2021-12-01 14:57:38
340,2022-10-17 06:25:59,100089166,"Ackers Point Track",2011-03-22,2022-02-23,2022-03-07 14:56:16
341,2022-10-17 06:25:59,100089167,"Fern Gully Track",2011-03-22,2021-09-21,2021-09-27 11:57:12
342,2022-10-17 06:25:59,100089168,"Millers Beach, Whalers Base Tk",2011-04-29,2022-02-08,2022-03-03 09:57:15
343,2022-10-17 06:25:59,100089169,"Ryans Creek Tk, Vaila Voe Bay",2011-03-22,2022-02-23,2022-03-07 14:56:20
344,2022-10-17 06:25:59,100089170,"North Arm Hut to Kaipipi Pt Tk",2012-02-16,2022-02-10,2022-03-03 09:57:54
345,2022-10-17 06:25:59,100089171,"Pt William Camp - Bungaree Hut",2011-08-30,2022-02-23,2022-03-08 11:00:46
346,2022-10-17 06:25:59,100089172,"Maori Beach Hill-North Arm Tk",2011-04-29,2022-02-10,2022-03-03 09:58:34
347,2022-10-17 06:25:59,100089173,"Freds Camp-Rakeahua Hut Trk",2011-05-05,2022-02-09,2022-03-03 09:59:11
348,2022-10-17 06:25:59,100089174,"Pryse Peak Route Track",2011-12-09,2021-09-16,2021-09-22 11:56:57
349,2022-10-17 06:25:59,100089223,"Mangapohue Track",2011-08-24,2022-03-02,2022-03-15 15:56:35
350,2022-10-17 06:25:59,100089224,"Omaru Falls Track",2011-08-24,2021-05-05,2021-07-01 08:57:18
351,2022-10-17 06:25:59,100089225,"Forest Tower Walk",2011-09-02,2022-03-01,2022-03-15 12:56:47
352,2022-10-17 06:25:59,100089226,"Waihaha Track",2011-09-01,2021-12-06,2021-12-14 15:58:15
353,2022-10-17 06:25:59,100089227,"Waihora Lagoon Track",2011-09-04,2020-10-15,2021-05-03 11:58:18
354,2022-10-17 06:25:59,100089228,"Waitanguru Track",2011-08-24,2020-08-31,2020-09-07 13:56:26
355,2022-10-17 06:25:59,100089312,"Memorial Loop South",2012-03-13,2021-12-20,2022-01-10 12:56:48
356,2022-10-17 06:25:59,100089314,"Te Puru Track",2012-03-13,2021-12-20,2022-01-10 12:56:47
357,2022-10-17 06:25:59,100089320,"Hihi Trig Track",2012-05-22,2020-06-09,2021-01-28 15:57:22
358,2022-10-17 06:25:59,100089347,"Mt Crichton Loop Track",2011-08-18,2022-02-10,2022-03-02 15:00:12
359,2022-10-17 06:25:59,100089348,"Glenorchy Lagoon Walkway",2011-07-19,2021-10-19,2021-10-21 13:56:55
360,2022-10-17 06:25:59,100089349,"Lower Greenstone Track",2011-08-17,2022-02-23,2022-03-02 12:58:38
361,2022-10-17 06:25:59,100089444,"Bendigo Historic Reserve",2011-07-01,2022-06-23,2022-06-29 10:10:56
362,2022-10-17 06:25:59,100089684,"Kaharoa track",2011-04-11,2019-04-13,2020-03-11 16:54:05
363,2022-10-17 06:25:59,100089728,"Chinese Settlement Walk",2012-01-20,2022-05-11,2022-05-19 09:56:30
364,2022-10-17 06:25:59,100090097,"Okura Walkway, Haigh Road",2011-07-25,2022-05-09,2022-06-14 14:56:54
365,2022-10-17 06:25:59,100090098,"Te Henga Tk, Bethells Road",2020-10-16,2022-03-26,2022-04-08 09:57:36
366,2022-10-17 06:25:59,100090099,"Te Henga Tk, Constable Road",2014-07-28,2022-03-26,2022-04-08 09:58:15
367,2022-10-17 06:25:59,100090204,"Pureora-Timber Trail",2011-06-27,2021-11-06,2022-06-29 11:56:56
368,2022-10-17 06:25:59,100090745,"Otago CRT, Rock & Pillar",2011-10-07,2022-06-03,2022-06-09 14:59:42
369,2022-10-17 06:25:59,100090866,"Waitomo Walkway",2012-04-23,2021-09-07,2021-09-09 11:56:20
370,2022-10-17 06:25:59,100090876,"Marakopa Falls Track",2012-03-21,2022-04-05,2022-04-21 19:58:00
371,2022-10-17 06:25:59,100090883,"Tawarau Falls Track",2012-03-21,2021-08-07,2021-09-09 11:56:24
372,2022-10-17 06:25:59,100091109,"Whareroa Forest Loop Walk",2011-08-04,2021-12-13,2021-12-17 10:56:28
373,2022-10-17 06:25:59,100091196,"Mt Damper Falls Walk",2011-08-10,2022-05-31,2022-06-03 14:57:13
374,2022-10-17 06:25:59,100091197,"Whitecliffs Walkway",2011-08-11,2021-04-14,2021-06-11 12:56:08
375,2022-10-17 06:25:59,100091333,"Mangapurua Track",2011-08-23,2019-05-24,2019-09-19 16:57:08
376,2022-10-17 06:25:59,100091334,"Mangapurua Track, Quad",2011-08-22,2017-03-22,2017-03-30 10:56:47
377,2022-10-17 06:25:59,100091779,"Mou Waho Island",2011-12-01,2021-02-05,2021-04-08 11:56:46
378,2022-10-17 06:25:59,100091936,"Pupu Hydro Walkway",2011-10-28,2022-05-25,2022-06-01 16:04:57
379,2022-10-17 06:25:59,100092016,"Sabine / Durville Tk",2011-11-14,2013-06-13,2013-06-18 15:32:45
380,2022-10-17 06:25:59,100092087,"Denniston Historic Brakehead",2011-11-23,2022-05-26,2022-06-02 13:57:28
381,2022-10-17 06:25:59,100092292,"Tirohanga Tk, Pukeariki Kellys",2011-12-15,2022-02-24,2022-03-09 14:56:12
382,2022-10-17 06:25:59,100092345,"McArthur Tk, Saddle Spur",2011-12-23,2020-01-16,2020-03-12 14:04:22
383,2022-10-17 06:25:59,100092346,"St James Cycle T, Mailing Pass",2011-12-23,2021-10-05,2021-10-07 16:57:11
384,2022-10-17 06:25:59,100092536,"Craigeburn MTB Tks, Hogs Back",2012-04-01,2020-12-02,2021-01-20 15:56:54
385,2022-10-17 06:25:59,100092753,"Pahiki Tk (lower)",2012-03-05,2022-02-23,2022-03-09 12:56:16
386,2022-10-17 06:25:59,100092755,"Hokitika Gorge, Diasabled Walk",2012-05-01,2022-06-14,2022-06-22 12:02:01
387,2022-10-17 06:25:59,100092802,"Waipapa Loop Track",2012-03-21,2021-03-11,2021-05-03 10:57:41
388,2022-10-17 06:25:59,100092804,"Central North Island Track",2012-03-21,2020-10-10,2020-10-28 13:57:03
389,2022-10-17 06:25:59,100092815,"Kakepuku Track",2012-03-14,2022-05-16,2022-06-15 15:01:09
390,2022-10-17 06:25:59,100092816,"Waterworks Walk",2012-03-09,2022-06-01,2022-06-20 12:56:56
391,2022-10-17 06:25:59,100092817,"Hakarimata Rail Trail",2012-03-16,2022-05-23,2022-06-01 14:02:55
392,2022-10-17 06:25:59,100092818,"Tirohanga Chicaine-Corcoran Rd",2012-03-15,2022-06-23,2022-06-29 13:58:18
393,2022-10-17 06:25:59,100092819,"Mahaukura Track",2012-03-15,2022-01-12,2022-01-17 08:57:17
394,2022-10-17 06:25:59,100092824,"Tirohanga Tk, Wairakaia Rd",2012-07-31,2022-01-28,2022-03-09 14:56:10
395,2022-10-17 06:25:59,100092835,"Rameka Mountainbike Track",2013-03-13,2022-02-20,2022-03-04 12:56:13
396,2022-10-17 06:25:59,100092836,"Te Waikoropupu Springs Walk",2014-08-07,2022-01-17,2022-01-25 11:57:32
397,2022-10-17 06:25:59,100092905,"Yeomans Track",2012-09-20,2019-08-28,2019-09-19 13:57:10
398,2022-10-17 06:25:59,100092907,"Sunrise Track",2012-09-19,2021-09-14,2021-09-20 13:57:21
399,2022-10-17 06:25:59,100092908,"Swamp Track",2012-09-19,2021-09-14,2021-09-20 13:57:56
400,2022-10-17 06:25:59,100092909,"Longview Track",2017-04-13,2021-01-13,2021-02-26 15:57:01
401,2022-10-17 06:25:59,100092910,"Tawa Loop Track",2012-12-03,2022-02-01,2022-02-28 10:56:17
402,2022-10-17 06:25:59,100092911,"Coppermine Track",2012-09-13,2021-03-23,2021-05-05 15:58:40
403,2022-10-17 06:25:59,100092912,"Beehive Creek Walkway",2012-08-17,2020-07-04,2020-07-14 14:57:53
404,2022-10-17 06:25:59,100092915,"Takapari Road",2012-04-24,2014-08-11,2014-08-12 10:57:23
405,2022-10-17 06:25:59,100092916,"Simpsons Road",2012-07-18,2014-12-13,2017-12-21 15:56:49
406,2022-10-17 06:25:59,100092930,"Waikanae Estuary Track",2012-05-22,2021-07-29,2021-07-30 12:56:50
407,2022-10-17 06:25:59,100093149,"Tiri Matangi Is, East Coast Tk",2012-06-13,2022-06-20,2022-06-23 09:56:52
408,2022-10-17 06:25:59,100093150,"Tiri Kawerau Track",2012-06-13,2022-06-22,2022-06-29 10:06:41
409,2022-10-17 06:25:59,100093151,"Tiri Wattle Track",2012-06-13,2022-06-19,2022-06-29 15:59:24
410,2022-10-17 06:25:59,100093152,"Mt Tamahunga Walkway",2012-06-25,2020-12-21,2021-02-05 11:56:14
411,2022-10-17 06:25:59,100093153,"Kawau Valley Track",2013-09-10,2022-04-15,2022-05-02 10:56:37
412,2022-10-17 06:25:59,100093154,"Bush's Beach Track",2012-06-11,2021-01-12,2021-02-22 14:56:41
413,2022-10-17 06:25:59,100093155,"Kaitoke Hot Springs Track",2012-06-11,2022-05-31,2022-06-03 14:57:08
414,2022-10-17 06:25:59,100093156,"Mt Heale, South Fork Track",2012-06-12,2022-03-11,2022-03-18 09:56:43
415,2022-10-17 06:25:59,100093157,"Mokohinau Islands - Burgess Is",2013-02-26,2020-02-18,2021-05-10 15:57:23
416,2022-10-17 06:25:59,100093158,"Kaiaraara - Kauri Dam Track",2012-06-11,2021-01-12,2021-02-22 16:00:10
417,2022-10-17 06:25:59,100093159,"Palmers Track",2012-06-11,2022-05-03,2022-05-11 12:56:44
418,2022-10-17 06:25:59,100093160,"Mangatepopo Track",2012-09-25,2022-01-31,2022-02-25 14:59:15
419,2022-10-17 06:25:59,100093370,"Kauaeranga Nature Walk",2012-08-03,2022-05-31,2022-06-03 09:57:53
420,2022-10-17 06:25:59,100093371,"Waiau Kauri Grove Short Walk",2013-06-20,2022-06-19,2022-06-23 09:56:47
421,2022-10-17 06:25:59,100093372,"Waimama Bay Walk",2012-08-01,2022-06-23,2022-06-29 10:10:22
422,2022-10-17 06:25:59,100093373,"Main Range Walking Track",2012-08-03,2022-06-09,2022-06-22 11:01:00
423,2022-10-17 06:25:59,100093374,"Whitianga Rock Walk",2012-06-27,2022-06-17,2022-06-23 08:56:21
424,2022-10-17 06:25:59,100093375,"Hahei Beach Walk",2012-07-31,2022-06-17,2022-06-23 09:56:16
425,2022-10-17 06:25:59,100093379,"Pauanui Loop Walk",2012-06-27,2022-06-23,2022-06-29 13:58:55
426,2022-10-17 06:25:59,100093501,"Mt Sunday Track",2012-07-18,2022-06-10,2022-06-22 11:57:04
427,2022-10-17 06:25:59,100093516,"Alford Forest Scenic Reserve",2012-07-18,2020-07-01,2020-07-06 13:56:09
428,2022-10-17 06:25:59,100093518,"Mt Somers Tk, Woolshed Creek",2013-02-20,2022-05-04,2022-05-11 13:56:25
429,2022-10-17 06:25:59,100093541,"Godley Head, Summit Track",2012-09-06,2022-05-26,2022-06-29 16:07:16
430,2022-10-17 06:25:59,100093546,"Quail Island Rec Reserve",2014-12-05,2022-06-07,2022-06-20 13:58:04
431,2022-10-17 06:25:59,100093547,"Otukaikino Wilson's Swamp Walk",2012-07-16,2022-06-08,2022-06-20 13:56:51
432,2022-10-17 06:25:59,100093897,"Arthur's Pass Walking Track",2012-07-10,2022-06-09,2022-06-20 16:58:56
433,2022-10-17 06:25:59,100093898,"Wooded Gully Track",2012-07-17,2020-02-24,2020-03-04 10:56:35
434,2022-10-17 06:25:59,100093899,"Hope Kiwi Track",2012-07-12,2021-12-14,2021-12-17 09:56:18
435,2022-10-17 06:25:59,100093900,"St James Walkway",2012-07-12,2017-02-20,2017-03-10 15:56:43
436,2022-10-17 06:25:59,100094054,"Waiau Pass Route",2013-02-02,2020-02-05,2020-02-17 14:58:25
437,2022-10-17 06:25:59,100094055,"Craigieburn, Lyndon Saddle Tk",2012-07-12,2022-01-12,2022-01-25 08:59:02
438,2022-10-17 06:25:59,100094056,"Cave Stream Scenic Reserve",2012-07-12,2022-06-09,2022-06-22 10:58:29
439,2022-10-17 06:25:59,100094094,"Sheep Track-Te Kauri Park",2012-11-28,2022-05-06,2022-06-21 10:57:36
440,2022-10-17 06:25:59,100094096,"Te Tapui track",2012-11-26,2022-02-02,2022-02-28 14:56:41
441,2022-10-17 06:25:59,100094097,"Kauri Loop Walk-Hakarimata",2012-11-27,2022-04-07,2022-06-23 18:57:18
442,2022-10-17 06:25:59,100094098,"Tahuanui Track",2012-11-27,2021-08-11,2021-09-01 15:57:09
443,2022-10-17 06:25:59,100094145,"Cooks Cove Walkway",2012-07-25,2022-05-03,2022-06-01 14:57:42
444,2022-10-17 06:25:59,100094233,"Timber Trail, Ongarue",2012-11-28,2019-03-07,2019-03-13 10:57:13
445,2022-10-17 06:25:59,100094234,"Timber Trail, Piropiro",2012-11-29,2021-06-17,2021-08-19 12:56:36
446,2022-10-17 06:25:59,100094235,"Timber Trail, No. 10 Camp",2012-11-29,2019-03-07,2019-06-21 14:56:54
447,2022-10-17 06:25:59,100094341,"Oakune Old Coach Rd, MTB",2012-10-15,2021-10-15,2022-01-25 17:58:15
448,2022-10-17 06:25:59,100094342,"Oakune Old Coach Rd",2012-12-29,2022-04-13,2022-04-29 13:58:21
449,2022-10-17 06:25:59,100094441,"Tongariro National Trout Ctr",2012-09-01,2021-01-29,2021-05-10 17:00:41
450,2022-10-17 06:25:59,100094501,"Hanmer, Nature Trail",2012-11-02,2020-10-08,2021-07-26 17:01:58
451,2022-10-17 06:25:59,100094502,"Hanmer, Swamp Track",2012-11-02,2022-03-22,2022-04-04 14:57:28
452,2022-10-17 06:25:59,100094503,"Hanmer, Conical Hill",2012-11-02,2021-05-20,2022-06-29 16:00:23
453,2022-10-17 06:25:59,100094545,"Kahikatea Walk  - Kauaeranga",2013-06-13,2022-05-23,2022-06-01 14:01:32
454,2022-10-17 06:25:59,100094546,"Te Pare Pa walk",2013-03-08,2022-06-17,2022-06-23 09:56:30
455,2022-10-17 06:25:59,100094547,"Square Kauri Short Walk",2013-04-08,2022-06-07,2022-06-20 13:02:10
456,2022-10-17 06:25:59,100094549,"Matamataherekeke Walk",2014-11-06,2022-01-14,2022-01-17 10:56:53
457,2022-10-17 06:25:59,100094550,"Kauri Block Walk",2013-04-11,2022-01-14,2022-06-27 17:03:35
458,2022-10-17 06:25:59,100094551,"Waikawau Bay Tsunami Walk",2014-09-25,2019-09-11,2019-10-08 10:56:17
459,2022-10-17 06:25:59,100094552,"Kaipawa Trig Track",2013-04-11,2022-06-21,2022-06-23 10:56:48
460,2022-10-17 06:25:59,100094553,"Karaka Track",2013-03-05,2022-06-23,2022-06-29 11:59:01
461,2022-10-17 06:25:59,100094554,"Waiomu Valley Track",2013-06-20,2022-06-07,2022-06-20 13:02:58
462,2022-10-17 06:25:59,100094613,"refer to LT tab for details",2018-04-26,2022-05-11,2022-06-21 15:03:37
463,2022-10-17 06:25:59,100094614,"refer to LT tab for details",2018-04-26,2022-04-12,2022-04-28 15:56:19
464,2022-10-17 06:25:59,100094785,"Kaikoura Walkway, Point Kean",2012-11-13,2022-04-07,2022-06-21 14:05:06
465,2022-10-17 06:25:59,100094786,"Wairua Bar Road",2012-11-13,2021-11-29,2022-03-23 13:56:40
466,2022-10-17 06:25:59,100094880,"Waipoua Forest, Tane Mahuta",2012-10-30,2022-05-30,2022-06-08 14:00:16
467,2022-10-17 06:25:59,100094881,"Waipoua Forest, Kauri Walks",2012-10-31,2022-05-16,2022-06-21 15:57:14
468,2022-10-17 06:25:59,100094884,"Otago CRT, Corrigal Road",2013-10-24,2022-06-03,2022-06-09 13:58:17
469,2022-10-17 06:25:59,100094909,"Timber Trail, Piropiro MTB",2012-11-29,2022-05-26,2022-06-02 15:58:50
470,2022-10-17 06:25:59,100094910,"Timber Trail, Ongarue MTB",2012-11-28,2021-06-17,2021-07-27 12:56:37
471,2022-10-17 06:25:59,100094919,"Taranaki Summit, Hongi Valley",2012-11-12,2022-03-11,2022-03-18 09:56:48
472,2022-10-17 06:25:59,100095141,"Arai Te Uru Recreation Reserve",2013-03-07,2022-05-16,2022-05-19 15:56:34
473,2022-10-17 06:25:59,100095180,"Lake Sylvan Track",2013-03-12,2022-06-03,2022-06-08 16:03:20
474,2022-10-17 06:25:59,100095222,"Old Ghost Rd, Lyell",2013-01-28,2022-06-02,2022-06-08 16:01:59
475,2022-10-17 06:25:59,100095223,"Old Ghost Rd, Mohinui",2013-01-29,2022-05-25,2022-06-02 14:57:45
476,2022-10-17 06:25:59,100095256,"Waipapa Track",2013-03-04,2021-10-27,2021-10-29 15:56:53
477,2022-10-17 06:25:59,100095345,"Ship Creek Walk",2016-07-18,2016-08-22,2017-02-01 11:56:43
478,2022-10-17 06:25:59,100095368,"Aramoana, Saltmarsh Walk Track",2013-03-28,2022-05-19,2022-05-20 11:56:52
479,2022-10-17 06:25:59,100095369,"Tunnel Beach Walkway",2013-06-07,2022-06-23,2022-06-29 10:07:20
480,2022-10-17 06:25:59,100095438,"Young Australian Road",2013-05-14,2022-03-08,2022-03-17 13:59:12
481,2022-10-17 06:25:59,100095439,"Kopuwai Ridge Road",2014-04-15,2021-01-02,2021-08-16 12:56:33
482,2022-10-17 06:25:59,100095631,"Timber Trail, Pureora",2013-07-29,2022-03-31,2022-04-14 11:57:19
483,2022-10-17 06:25:59,100095632,"Timber Trail, Angels Rest",2013-07-01,2022-03-23,2022-04-07 12:57:19
484,2022-10-17 06:25:59,100095823,"Tongariro Xing, Ketetahi upper",2013-05-21,2022-04-30,2022-05-10 14:57:54
485,2022-10-17 06:25:59,100095868,"Tarawera Trail",2013-05-09,2022-03-22,2022-04-04 12:58:49
486,2022-10-17 06:25:59,100095869,"Whakarewarewa State Forest",2013-05-09,2020-07-31,2021-02-15 12:56:42
487,2022-10-17 06:25:59,100095963,"Godley Head, Pilgrims Way Trck",2013-05-03,2022-05-26,2022-06-02 13:59:22
488,2022-10-17 06:25:59,100095964,"Godley Head Road",2013-05-03,2022-02-04,2022-06-27 12:00:01
489,2022-10-17 06:25:59,100096012,"Glenorchy Lagoon Walkway",2014-07-23,2018-10-22,2019-03-08 15:57:21
490,2022-10-17 06:25:59,100096082,"Okia Track to Victory Beach",2013-05-13,2022-06-23,2022-06-29 10:57:43
491,2022-10-17 06:25:59,100096129,"Puketi, Waihoanga Kauri Wk",2013-05-17,2019-05-10,2019-07-03 08:56:51
492,2022-10-17 06:25:59,100096131,"Urepukapuka Is, Entico Bay",2013-05-16,2021-04-07,2021-06-16 13:57:24
493,2022-10-17 06:25:59,100096211,"Abel Tasman Coast, Onetahuti",2014-03-12,2022-06-05,2022-06-22 11:58:58
494,2022-10-17 06:25:59,100096223,"Heaphy Trackk, Kohaihai MTB",2013-06-06,2022-05-31,2022-06-03 14:57:11
495,2022-10-17 06:25:59,100096327,"Moanui, Koranga, Tawa Track 1",2013-10-04,2022-04-20,2022-06-21 13:58:32
496,2022-10-17 06:25:59,100096328,"Moanui, Koranga, Tawa Track 2",2013-10-03,2022-05-27,2022-06-03 09:57:30
497,2022-10-17 06:25:59,100096990,"Mt Iron Track",2013-10-16,2022-04-12,2022-04-28 15:56:22
498,2022-10-17 06:25:59,100097006,"Lake Dispute Walkway",2013-10-23,2022-02-16,2022-03-04 09:56:07
499,2022-10-17 06:25:59,100097142,"Matarangi Bluff Walk",2014-08-19,2022-01-10,2022-01-26 10:00:20
500,2022-10-17 06:25:59,100097143,"Te Ara Pataka Tk Packhorse Hut",2015-06-15,2022-06-12,2022-06-22 15:58:58
501,2022-10-17 06:25:59,100097149,"Kapowairua To Pandora Trk",2014-06-11,2019-10-17,2020-03-12 12:57:58
502,2022-10-17 06:25:59,100097150,"Pandora To Tapotupotu Trk",2015-02-19,2022-05-14,2022-05-19 13:56:36
503,2022-10-17 06:25:59,100097151,"Te Werahi Beach Track",2015-06-19,2022-01-14,2022-03-02 13:57:16
504,2022-10-17 06:25:59,100097152,"Twilight Beach to Scotts Pt Tk",2013-12-13,2022-04-05,2022-05-19 13:56:37
505,2022-10-17 06:25:59,100097153,"Maitai Bay Headland Tk",2014-11-20,2020-10-06,2021-01-14 10:56:44
506,2022-10-17 06:25:59,100097156,"Karikari Bay Track",2014-06-04,2021-12-02,2021-12-15 16:57:27
507,2022-10-17 06:25:59,100097158,"Fig Tree Bay Track",2014-06-17,2018-06-22,2018-06-26 13:57:18
508,2022-10-17 06:25:59,100097346,"Maunganui Bluff Track",2014-04-11,2022-04-21,2022-05-02 15:57:03
509,2022-10-17 06:25:59,100097410,"Waiotemarama Loop Track",2015-02-12,2022-04-28,2022-06-08 14:57:55
510,2022-10-17 06:25:59,100097413,"Turakirae Head, Wild Coast Tk",2014-01-28,2021-02-03,2021-03-18 11:59:12
511,2022-10-17 06:25:59,100097591,"Ruapekapeka Pa Walk",2015-09-08,2022-06-09,2022-06-20 15:58:49
512,2022-10-17 06:25:59,100097594,"Mimiwhangata, Tohumoana Loop",2016-03-10,2021-11-26,2021-12-01 14:57:36
513,2022-10-17 06:25:59,100097596,"Te Whara Tk - Ocean Beach End",2015-10-20,2022-03-03,2022-03-16 12:57:48
514,2022-10-17 06:25:59,100097597,"Te Whara Tk - Mt Lion End",2015-08-13,2022-03-04,2022-03-16 13:57:20
515,2022-10-17 06:25:59,100097598,"Tutukaka Recreation Reserve Tk",2015-10-06,2021-03-08,2021-04-27 11:56:20
516,2022-10-17 06:25:59,100097600,"Motutara Track",2016-04-04,2020-10-19,2020-11-19 14:56:23
517,2022-10-17 06:25:59,100097601,"Taheke Scenic Reserve",2015-08-10,2022-03-16,2022-06-27 11:58:04
518,2022-10-17 06:25:59,100097606,"Daly's Clearing tk",2014-05-21,2020-09-03,2020-10-15 12:58:52
519,2022-10-17 06:25:59,100097607,"Wairere Falls Track, upper",2014-03-05,2021-09-24,2021-11-15 10:56:53
520,2022-10-17 06:25:59,100097613,"Motuarohia Island Walk",2014-08-04,2022-01-10,2022-06-29 09:59:39
521,2022-10-17 06:25:59,100097615,"Flagstaff Hill Walk",2017-11-08,2022-06-02,2022-06-08 14:59:27
522,2022-10-17 06:25:59,100097617,"Opua Kauri Walk",2017-11-08,2022-02-02,2022-06-27 14:58:58
523,2022-10-17 06:25:59,100097618,"Akeake Historic Reserve",2014-08-05,2022-05-03,2022-06-08 14:58:31
524,2022-10-17 06:25:59,100097619,"Puketi Forest, Pukatea Track",2017-11-10,2021-10-08,2022-02-28 09:56:59
525,2022-10-17 06:25:59,100097620,"Kororipo Pa Walk",2015-06-09,2021-10-11,2021-11-18 14:56:58
526,2022-10-17 06:25:59,100097621,"Rangihoua / Marsden Cross",2014-11-17,2018-07-19,2018-07-23 12:58:51
527,2022-10-17 06:25:59,100097622,"Wairakau Stream Track",2019-12-28,2020-10-27,2021-07-28 10:56:30
528,2022-10-17 06:25:59,100097623,"Motukawanui Is Scenic Reserve",2014-05-22,2021-01-28,2021-05-31 12:57:03
529,2022-10-17 06:25:59,100097625,"Tokatoka Track",2014-04-16,2022-05-05,2022-05-19 11:56:39
530,2022-10-17 06:25:59,100097627,"Trounson Park Loop Walk",2015-01-13,2022-05-13,2022-06-01 16:00:23
531,2022-10-17 06:25:59,100097760,"Purakaunui Falls Walk",2014-09-15,2022-05-18,2022-06-02 15:58:07
532,2022-10-17 06:25:59,100098048,"Blue Pools Track",2014-05-28,2022-05-13,2022-05-19 11:56:38
533,2022-10-17 06:25:59,100098049,"Diamond Lake Track",2014-08-04,2022-04-01,2022-04-19 11:57:00
534,2022-10-17 06:25:59,100098050,"Grandview Ridge Tk, Long Gully",2014-10-01,2015-05-02,2015-07-09 15:57:28
535,2022-10-17 06:25:59,100098051,"Grandview Mtn Track, Nook Rd",2014-05-13,2022-02-15,2022-05-30 18:58:32
536,2022-10-17 06:25:59,100098264,"Bealey Spur Track",2014-08-13,2022-06-08,2022-06-22 10:59:11
537,2022-10-17 06:25:59,100098566,"Pororari River Track",2014-07-21,2022-06-20,2022-06-28 11:56:26
538,2022-10-17 06:25:59,100098827,"Moki Track",2015-10-28,2021-04-14,2021-06-16 09:58:42
539,2022-10-17 06:25:59,100099355,"Tasman Valley Road",2015-11-12,2022-05-30,2022-06-03 08:57:04
540,2022-10-17 06:25:59,100099356,"White Horse Hill / Hooker Road",2015-12-02,2022-05-30,2022-06-03 09:57:35
541,2022-10-17 06:25:59,100099403,"Hall Block MTB Track",2014-10-29,2020-08-04,2020-08-10 11:56:05
542,2022-10-17 06:25:59,100099748,"Williams Stream",2014-12-17,2022-02-16,2022-03-04 09:56:15
543,2022-10-17 06:25:59,100100064,"State Hway 80, North bound",2015-09-14,2022-05-30,2022-06-03 08:56:55
544,2022-10-17 06:25:59,100100065,"State Hway 80, South bound",2015-09-14,2022-05-30,2022-06-03 08:57:00
545,2022-10-17 06:25:59,100101081,"Rob Roy Track",2015-09-22,2022-06-19,2022-06-23 09:56:58
546,2022-10-17 06:25:59,100101142,"Truman Track",2015-08-31,2022-06-20,2022-06-23 10:56:41
547,2022-10-17 06:25:59,100101144,"Old Ghost Rd, Mohikinui MTB",2015-08-24,2022-05-25,2022-06-02 14:03:44
548,2022-10-17 06:25:59,100101145,"Old Ghost Rd, Lyell MTB",2015-08-26,2022-04-29,2022-05-10 14:57:31
549,2022-10-17 06:25:59,100101171,"Queen Charlotte Tk, Torea MTB",2016-01-27,2022-04-05,2022-05-10 16:56:56
550,2022-10-17 06:25:59,100101191,"Rainbow Mountain MTB Loop",2015-07-13,2022-05-20,2022-05-20 11:56:59
551,2022-10-17 06:25:59,100101195,"Kirwans Loop Track, MTB",2015-11-10,2022-03-08,2022-04-20 15:57:00
552,2022-10-17 06:25:59,100101196,"Coal Creek Walk",2015-10-13,2022-03-30,2022-04-14 11:57:06
553,2022-10-17 06:25:59,100101197,"Mananui Tramline Track, MTB",2016-03-31,2022-03-22,2022-04-07 13:56:47
554,2022-10-17 06:25:59,100101198,"Mananui Tramline Track",2015-07-13,2022-03-24,2022-04-07 13:57:24
555,2022-10-17 06:25:59,100101368,"Major Hornbrook Track",2016-02-12,2022-06-08,2022-06-20 13:57:27
556,2022-10-17 06:25:59,100101369,"Craigieburn, Dracophyllum Flat",2016-10-01,2020-12-02,2021-01-20 15:56:55
557,2022-10-17 06:25:59,100101370,"Glentui Picnic Area - Pedestri",2016-06-15,2021-10-19,2021-10-21 13:56:58
558,2022-10-17 06:25:59,100101406,"Katiki Point Walking Track",2017-04-03,2022-06-03,2022-06-29 16:07:54
559,2022-10-17 06:25:59,100101407,"Sandymount Walking Track",2015-11-05,2021-01-06,2021-02-18 15:57:07
560,2022-10-17 06:25:59,100101452,"Pukaha Loop Track - Redwoods",2015-08-31,2022-05-09,2022-05-11 15:56:29
561,2022-10-17 06:25:59,100101453,"Pukaha Loop Track - Aviary 2",2015-09-02,2022-05-10,2022-05-11 15:56:30
562,2022-10-17 06:25:59,100101454,"Rimutaka Rail Trail - MTB",2015-11-04,2022-03-04,2022-03-16 14:57:14
563,2022-10-17 06:25:59,100101474,"Nydia Tk, Duncan Bay end",2016-04-27,2022-05-01,2022-05-11 12:56:36
564,2022-10-17 06:25:59,100101475,"Cullen Point Lookout Track",2016-03-07,2022-06-06,2022-06-20 12:59:31
565,2022-10-17 06:25:59,100101477,"Karaka Point Track",2016-06-22,2022-06-15,2022-06-22 15:57:28
566,2022-10-17 06:25:59,100101624,"Davies Track",2015-10-20,2022-03-22,2022-04-04 10:59:10
567,2022-10-17 06:25:59,100101625,"Kokowai Track",2015-10-21,2022-03-28,2022-04-20 12:56:54
568,2022-10-17 06:25:59,100102032,"Molesworth Road, Acheron",2016-10-24,2019-11-05,2019-11-06 08:57:22
569,2022-10-17 06:25:59,100102033,"Molesworth Road, Cobb Cottage",2016-10-26,2022-01-20,2022-02-25 15:58:40
570,2022-10-17 06:25:59,100102175,"",2015-12-07,2022-05-18,2022-06-27 17:06:29
571,2022-10-17 06:25:59,100102176,"",2016-03-05,2021-11-24,2022-03-01 15:56:40
572,2022-10-17 06:25:59,100102201,"Pounawea Nature Walk",2015-12-22,2022-05-26,2022-06-29 10:05:02
573,2022-10-17 06:25:59,100102208,"Talbot Forest, Totara Track",2016-06-01,2018-06-27,2018-06-29 14:56:35
574,2022-10-17 06:25:59,100102234,"Rakaia Gorge Walkway",2016-06-15,2021-04-22,2021-08-12 17:56:54
575,2022-10-17 06:25:59,100102235,"",2016-06-15,2021-12-06,2022-03-24 19:56:54
576,2022-10-17 06:25:59,100102236,"Otepatotu Scenic Reserve Track",2017-05-16,2022-04-04,2022-04-27 17:57:57
577,2022-10-17 06:25:59,100102237,"Craigieburn, The Luge MTB Tk",2016-10-01,2022-01-12,2022-01-25 09:57:31
578,2022-10-17 06:25:59,100102438,"Opera Point HistoricWalk",2016-05-25,2022-01-10,2022-01-26 09:01:53
579,2022-10-17 06:25:59,100102439,"Cathedral Cove Track",2016-05-23,2022-01-10,2022-01-26 09:00:16
580,2022-10-17 06:25:59,100102823,"Te Ara Pataka Tk, Gebbies Pass",2017-05-09,2022-06-16,2022-06-22 15:58:18
581,2022-10-17 06:25:59,100102880,"Old Ghost Rd Lyell Campsite Rd",2016-11-17,2022-04-29,2022-05-10 14:56:57
582,2022-10-17 06:25:59,100102972,"Lucy's Gully",2016-07-04,2022-06-08,2022-06-20 13:04:21
583,2022-10-17 06:25:59,100103055,"Queen Charlotte tk, Te Mahia",2017-12-29,2021-12-24,2022-01-11 14:01:31
584,2022-10-17 06:25:59,100103056,"Mistletoe Bay, Peninsula Walk",2017-03-20,2020-07-03,2022-06-21 10:56:52
585,2022-10-17 06:25:59,100103061,"Alpine Route, Richmond Range",2017-04-01,2019-05-10,2019-06-27 12:56:55
586,2022-10-17 06:25:59,100103064,"Wangapeka Road",2019-04-05,2020-09-30,2021-06-25 15:56:50
587,2022-10-17 06:25:59,100103065,"Wangapeka Tk, Rolling Jnct",2016-10-06,2022-06-22,2022-06-23 13:56:38
588,2022-10-17 06:25:59,100103066,"Totaranui Campground Rd",2019-07-31,2022-05-19,2022-05-30 18:57:19
589,2022-10-17 06:25:59,100103067,"Farewell Spit, Triangle Flat",2019-07-24,2022-05-25,2022-06-01 16:08:53
590,2022-10-17 06:25:59,100103068,"Cobb Valley Reservior Rd",2019-04-03,2022-03-23,2022-04-04 14:58:45
591,2022-10-17 06:25:59,100103070,"",2017-01-01,2022-06-10,2022-06-22 11:02:58
592,2022-10-17 06:25:59,100103071,"",2017-01-06,2018-08-01,2018-08-23 14:56:51
593,2022-10-17 06:25:59,100103073,"Alex Knob Track",2017-04-06,2022-06-24,2022-06-29 16:10:52
594,2022-10-17 06:25:59,100103074,"Monro Beach Walk",2016-09-29,2022-03-23,2022-04-04 15:00:59
595,2022-10-17 06:25:59,100103076,"Franz Josef Valley Walk",2021-02-05,2021-03-30,2021-10-07 16:57:02
596,2022-10-17 06:25:59,100103077,"Fox Glacier Walk",2016-10-18,2018-11-10,2018-11-20 10:56:25
597,2022-10-17 06:25:59,100103078,"Lake Paringa Campsite Road",2021-10-07,2021-10-15,2022-02-23 16:56:38
598,2022-10-17 06:25:59,100103996,"West Matukituki Track",2016-11-24,2022-03-19,2022-04-07 10:59:24
599,2022-10-17 06:25:59,100103997,"Rob Roy Tk, Big Creek",2016-10-21,2022-06-20,2022-06-23 09:56:54
600,2022-10-17 06:25:59,100103998,"Roy's Peak Track",2016-11-11,2022-06-09,2022-06-21 14:01:09
601,2022-10-17 06:25:59,100103999,"Dingle Burn Peninsula Track",2017-06-30,2020-12-04,2021-01-26 14:58:44
602,2022-10-17 06:25:59,100104210,"Lake Daniell Track, Lake end",2017-02-02,2022-02-22,2022-03-07 15:56:08
603,2022-10-17 06:25:59,100104247,"Water pumpshed meter",2016-12-16,2022-06-21,2022-06-23 13:56:27
604,2022-10-17 06:25:59,100104248,"Marahau Cafe water meter",2016-12-16,2018-08-13,2018-08-13 15:56:17
605,2022-10-17 06:25:59,100104362,"Goat Island Bay Road",2021-05-20,2022-06-23,2022-06-27 13:58:32
606,2022-10-17 06:25:59,100104366,"Okura Walkway - Stillwater",2019-03-06,2022-03-18,2022-06-27 15:00:19
607,2022-10-17 06:25:59,100104368,"",2018-12-18,2022-04-08,2022-06-21 15:56:40
608,2022-10-17 06:25:59,100104374,"Tongariro Xing, North Crater",2017-06-22,2022-04-30,2022-06-28 11:56:17
609,2022-10-17 06:25:59,100121067,"",2017-03-17,2022-03-03,2022-06-21 15:01:00
610,2022-10-17 06:25:59,100121068,"",2017-03-03,2022-02-21,2022-06-14 17:57:18
611,2022-10-17 06:25:59,100121069,"",2017-03-21,2021-11-25,2021-12-01 11:56:44
612,2022-10-17 06:25:59,100121219,"Gray's Bush Scenic Reseve",2017-03-14,2022-04-21,2022-05-02 15:57:30
613,2022-10-17 06:25:59,100121454,"Mt Iron Tk, Albert Town Link",2017-05-11,2022-03-18,2022-06-28 11:56:24
614,2022-10-17 06:25:59,100121657,"Hauturu Highpoint Track",2017-07-11,2020-02-13,2020-03-11 14:57:01
615,2022-10-17 06:25:59,100121715,"",2017-12-21,2022-01-18,2022-06-14 16:58:23
616,2022-10-17 06:25:59,100121716,"",2017-12-21,2022-05-04,2022-05-11 13:56:53
617,2022-10-17 06:25:59,100121717,"Dominion Road",2017-09-25,2022-04-18,2022-06-29 16:02:38
618,2022-10-17 06:25:59,100121719,"42 Traverse, Kapoors Rd",2017-09-19,2022-05-14,2022-05-19 11:56:44
619,2022-10-17 06:25:59,100121720,"Ketetahi Road",2017-09-12,2022-05-29,2022-06-02 15:59:57
620,2022-10-17 06:25:59,100121721,"",2017-10-13,2022-05-04,2022-05-11 13:56:55
621,2022-10-17 06:25:59,100121722,"Mangatepopo Road",2017-09-13,2022-05-29,2022-06-02 16:00:43
622,2022-10-17 06:25:59,100121723,"Pukehinau Road",2017-07-03,2022-05-15,2022-05-19 11:56:45
623,2022-10-17 06:25:59,100121724,"Rangataua Road",2017-12-20,2022-05-26,2022-06-03 14:57:06
624,2022-10-17 06:25:59,100121725,"Rotokura Access Road",2017-10-06,2022-05-31,2022-06-03 14:57:04
625,2022-10-17 06:25:59,100121814,"Mt Somers Tk, Pinnacles Hut",2017-10-27,2022-05-30,2022-06-03 09:57:52
626,2022-10-17 06:25:59,100121957,"Pukawa Omori Track",2017-08-29,2022-04-04,2022-04-20 15:56:59
627,2022-10-17 06:25:59,100121986,"GOAT ISLAND ROAD, LEIGH",2021-05-20,2022-06-23,2022-06-28 09:56:16
628,2022-10-17 06:25:59,100121988,"Paparoa, Bullock Ck Rd",2017-11-29,2022-06-19,2022-06-23 10:56:39
629,2022-10-17 06:25:59,100121989,"Oparara Basin Road",2017-11-28,2022-06-02,2022-06-23 18:56:36
630,2022-10-17 06:25:59,100121991,"Marble Hill Road",2018-06-15,2022-05-13,2022-05-19 11:56:40
631,2022-10-17 06:25:59,100121992,"Woods Creek Walk",2017-11-22,2018-06-21,2018-06-25 10:56:45
632,2022-10-17 06:25:59,100121993,"Lake Mahinapua Access Rd",2018-08-03,2022-03-31,2022-04-14 12:56:56
633,2022-10-17 06:25:59,100121994,"Gillespies Beach Rd",2020-11-23,2022-05-10,2022-05-19 09:56:29
634,2022-10-17 06:25:59,100121995,"Ship Creek Access Road",2021-05-18,2022-05-16,2022-05-19 13:56:29
635,2022-10-17 06:25:59,100121996,"Southside Rd View Rd",2021-02-26,2021-12-03,2021-12-16 11:59:49
636,2022-10-17 06:25:59,100121998,"Franz Josef Glacier  - Inbound",2017-10-18,2022-06-24,2022-06-29 14:57:32
637,2022-10-17 06:25:59,100121999,"",2019-01-17,2020-03-24,2021-07-29 14:56:41
638,2022-10-17 06:25:59,100122003,"Franz Josef Glacier - Outbound",2017-10-18,2022-06-24,2022-06-29 14:58:07
639,2022-10-17 06:25:59,100122041,"Mavora Lakes North Access Road",2017-11-01,2022-05-13,2022-05-19 15:56:35
640,2022-10-17 06:25:59,100122043,"Control Gates Access Road",2020-01-27,2022-05-18,2022-05-20 10:56:52
641,2022-10-17 06:25:59,100122044,"Dart Road",2017-10-27,2022-02-21,2022-03-07 09:56:16
642,2022-10-17 06:25:59,100122045,"Lake Sylvan Road",2017-10-26,2022-06-03,2022-06-20 12:58:16
643,2022-10-17 06:25:59,100122046,"Skippers Road, Skippers Bridge",2018-04-17,2021-06-03,2021-08-12 16:03:09
644,2022-10-17 06:25:59,100122047,"",2018-03-13,2018-03-26,2018-05-07 16:56:08
645,2022-10-17 06:25:59,100122049,"Lake Chalice Road",2018-01-30,2022-05-18,2022-06-01 11:57:22
646,2022-10-17 06:25:59,100122062,"Wharariki Carpark",2019-07-10,2022-05-25,2022-06-01 16:09:29
647,2022-10-17 06:25:59,100122064,"Mount Robert Road",2017-12-12,2022-05-31,2022-06-03 14:56:57
648,2022-10-17 06:25:59,100122330,"Ship Cove - Water Meter",2017-10-16,2022-05-18,2022-06-02 13:58:48
649,2022-10-17 06:25:59,100122334,"Cobb Valley Dam Road",2019-04-03,2022-03-23,2022-04-04 15:00:05
650,2022-10-17 06:25:59,100122382,"",2018-06-16,2021-11-20,2022-06-27 17:02:57
651,2022-10-17 06:25:59,100122383,"",2018-06-09,2021-12-24,2022-03-22 17:01:25
652,2022-10-17 06:25:59,100122385,"",2018-06-09,2020-07-23,2021-07-05 14:57:16
653,2022-10-17 06:25:59,100122386,"",2018-06-09,2022-06-03,2022-06-20 15:59:31
654,2022-10-17 06:25:59,100122395,"",2018-06-29,2022-05-16,2022-06-08 14:57:18
655,2022-10-17 06:25:59,100122567,"Whangamumu Walk",2017-11-08,2021-01-14,2021-02-24 12:57:06
656,2022-10-17 06:25:59,100122574,"",2018-11-07,2021-12-10,2021-12-16 12:04:37
657,2022-10-17 06:25:59,100122884,"Moraine Walk",2019-07-03,2022-06-15,2022-06-22 14:57:09
658,2022-10-17 06:25:59,100122885,"",2019-01-21,2022-04-22,2022-05-02 15:57:32
659,2022-10-17 06:25:59,100122886,"Lake GaultTrack",2019-04-24,2021-11-15,2021-12-01 14:57:29
660,2022-10-17 06:25:59,100122887,"Canavans Knob Track",2019-01-03,2022-06-19,2022-06-29 16:09:50
661,2022-10-17 06:25:59,100122939,"Roaring Bay",2021-09-22,2022-01-25,2022-03-14 16:56:37
662,2022-10-17 06:25:59,100122940,"Cycle track near Rainbow Reach",2019-01-09,2022-05-17,2022-05-20 09:56:46
663,2022-10-17 06:25:59,100122941,"Marahau Wastewater meter",2018-03-15,2021-04-30,2021-06-24 14:56:46
664,2022-10-17 06:25:59,100122947,"Lake Tennyson Campsite",2019-03-05,2022-01-19,2022-02-03 15:56:51
665,2022-10-17 06:25:59,100122948,"Abel Tasman Memorial Walk",2019-03-25,2022-05-25,2022-06-01 16:02:38
666,2022-10-17 06:25:59,100122949,"Rawhiti Caves Track",2019-03-25,2022-05-25,2022-06-01 16:03:32
667,2022-10-17 06:25:59,100122950,"Cobb Valley Track",2019-01-16,2022-03-21,2022-04-04 14:59:23
668,2022-10-17 06:25:59,100122951,"Lake Rotoiti Lakeside Tk",2019-03-15,2022-05-31,2022-06-03 15:56:53
669,2022-10-17 06:25:59,100122952,"Pelorus Bridge, Elvy Waterfall",2019-01-12,2022-06-22,2022-06-29 10:08:03
670,2022-10-17 06:25:59,100122953,"Whatamango Bay Campsite",2019-01-07,2022-06-15,2022-06-22 14:58:21
671,2022-10-17 06:25:59,100122980,"",2018-11-20,2022-02-25,2022-03-08 15:56:45
672,2022-10-17 06:25:59,100122981,"",2020-07-25,2022-06-11,2022-06-29 11:57:34
673,2022-10-17 06:25:59,100122984,"",2019-01-25,2022-06-09,2022-06-22 11:00:25
674,2022-10-17 06:25:59,100123001,"Entry gate intoTe Kuri Walkway",2021-02-15,2022-01-27,2022-06-21 16:00:11
675,2022-10-17 06:25:59,100123004,"Monckton SR track",2018-12-05,2021-04-28,2021-06-24 10:56:54
676,2022-10-17 06:25:59,100123009,"Glenfalls Campsite road",2019-07-17,2021-10-05,2021-10-07 11:56:35
677,2022-10-17 06:25:59,100123013,"50m into Upper Gorge Track",2019-07-15,2021-10-06,2021-10-07 11:56:55
678,2022-10-17 06:25:59,100123015,"Between Junction and Whatonga",2019-10-24,2022-02-12,2022-02-22 16:57:48
679,2022-10-17 06:25:59,100123020,"Kaitoke to Canyon Creek track",2019-01-31,2019-01-31,2019-02-07 10:56:50
680,2022-10-17 06:25:59,100123021,"Trig track",2019-03-25,2022-05-25,2022-06-01 16:07:34
681,2022-10-17 06:25:59,100123022,"Wilkinson track above Trig",2019-03-25,2022-05-15,2022-06-01 16:08:16
682,2022-10-17 06:25:59,100123023,"",2019-03-18,2022-05-10,2022-05-11 15:56:24
683,2022-10-17 06:25:59,100123024,"Pauatahanui Wildlife Area",2018-12-04,2022-05-27,2022-06-02 14:59:30
684,2022-10-17 06:25:59,100123025,"Makara Road End to Opau Stream",2018-08-16,2022-05-11,2022-06-28 15:56:24
685,2022-10-17 06:25:59,100123029,"",2018-12-10,2022-05-17,2022-06-01 10:58:52
686,2022-10-17 06:25:59,100123032,"",2020-02-19,2022-06-03,2022-06-29 11:59:41
687,2022-10-17 06:25:59,100123096,"Mt Fyfe Track",2019-01-17,2022-05-05,2022-05-11 13:56:57
688,2022-10-17 06:25:59,100127484,"",2019-07-05,2022-03-01,2022-03-15 13:56:38
689,2022-10-17 06:25:59,100127485,"",2019-08-19,2022-03-20,2022-04-01 13:59:40
690,2022-10-17 06:25:59,100127486,"",2019-08-24,2022-03-19,2022-06-28 15:56:16
691,2022-10-17 06:25:59,100127487,"",2019-07-30,2022-04-05,2022-04-20 12:56:55
692,2022-10-17 06:25:59,100128107,"Charming Creek Walkway",2018-11-26,2021-09-15,2021-09-29 15:57:24
693,2022-10-17 06:25:59,100128507,"",2019-11-09,2022-03-30,2022-04-14 11:57:14
694,2022-10-17 06:25:59,100128508,"",2019-11-10,2022-04-14,2022-05-02 10:56:39
695,2022-10-17 06:25:59,100128510,"",2020-11-14,2022-04-14,2022-06-14 16:57:47
696,2022-10-17 06:25:59,100128511,"",2019-06-26,2020-08-13,2020-08-17 16:56:11
697,2022-10-17 06:25:59,100128520,"",2019-07-25,2022-05-30,2022-06-03 09:57:49
698,2022-10-17 06:25:59,100128524,"",2019-10-23,2022-05-30,2022-06-03 09:57:46
699,2022-10-17 06:25:59,100128525,"",2019-07-18,2021-12-18,2021-12-22 09:56:52
700,2022-10-17 06:25:59,100128526,"",2019-08-26,2022-05-31,2022-06-27 15:02:30
701,2022-10-17 06:25:59,100128528,"Tunnel Beach",2020-07-02,2021-02-04,2021-05-24 16:58:20
702,2022-10-17 06:25:59,100128529,"",2020-01-24,2022-04-27,2022-06-27 17:57:52
703,2022-10-17 06:25:59,100128538,"",2021-04-16,2022-03-07,2022-06-28 14:56:31
704,2022-10-17 06:25:59,100128539,"",2020-01-16,2021-04-19,2021-04-22 17:58:01
705,2022-10-17 06:25:59,100128540,"",2019-09-18,2022-03-18,2022-04-01 11:59:56
706,2022-10-17 06:25:59,100128542,"",2019-12-19,2022-03-18,2022-04-01 11:57:25
707,2022-10-17 06:25:59,100128543,"",2020-05-06,2022-06-01,2022-06-08 13:57:13
708,2022-10-17 06:25:59,100128544,"",2019-12-06,2022-03-11,2022-06-15 14:58:25
709,2022-10-17 06:25:59,100128548,"Ahuriri Estuary Track",2019-07-03,2022-04-04,2022-05-30 19:00:43
710,2022-10-17 06:25:59,100128549,"Past Whatonga on MG track",2019-07-17,2021-07-07,2021-08-17 14:56:43
711,2022-10-17 06:25:59,100128550,"",2019-10-15,2022-05-06,2022-05-11 15:56:22
712,2022-10-17 06:25:59,100128551,"Donnellys Flat Loop 20m LHS",2021-08-10,2022-04-05,2022-04-20 14:56:52
713,2022-10-17 06:25:59,100128565,"",2019-07-05,2022-02-10,2022-03-09 14:56:15
714,2022-10-17 06:25:59,100128566,"",2019-07-02,2022-04-06,2022-04-27 13:58:33
715,2022-10-17 06:25:59,100128570,"Abel Tasman Coast tk - North",2019-06-20,2022-05-19,2022-05-20 11:56:57
716,2022-10-17 06:25:59,100128571,"",2020-02-05,2022-05-31,2022-06-03 14:56:55
717,2022-10-17 06:25:59,100128572,"",2020-01-21,2022-06-17,2022-06-27 09:58:48
718,2022-10-17 06:25:59,100128573,"",2020-07-02,2022-04-21,2022-05-02 14:56:45
719,2022-10-17 06:25:59,100128576,"The Chasm walk",2019-11-07,2022-01-31,2022-03-01 12:56:42
720,2022-10-17 06:25:59,100128577,"Milford foreshore walk",2019-10-04,2022-02-04,2022-03-01 12:57:24
721,2022-10-17 06:25:59,100128578,"Lake Mistletoe track",2019-10-02,2022-05-17,2022-05-20 10:56:51
722,2022-10-17 06:25:59,100128579,"Moria Gate Track",2019-09-26,2022-05-29,2022-06-28 16:56:18
723,2022-10-17 06:25:59,100128580,"Inland Pack Tk Pororari",2019-11-27,2022-05-25,2022-06-01 15:00:46
724,2022-10-17 06:25:59,100128582,"Charming Crk Walkway",2019-09-21,2022-05-23,2022-06-02 14:02:32
725,2022-10-17 06:25:59,100128583,"NORTHERN END",2019-09-02,2022-05-19,2022-06-02 14:03:08
726,2022-10-17 06:25:59,100128585,"Lake to Wards road",2019-06-10,2022-04-04,2022-04-20 10:56:58
727,2022-10-17 06:25:59,100128586,"Kaniere Wards to Kennedy",2020-01-28,2022-05-26,2022-06-08 15:59:42
728,2022-10-17 06:25:59,100128588,"Tatare Tunnels Walk",2019-08-14,2022-03-01,2022-04-14 09:57:00
729,2022-10-17 06:25:59,100128589,"Chamois Track",2019-08-22,2021-07-21,2021-08-12 16:06:42
730,2022-10-17 06:25:59,100128590,"Gallery Gorge Walk",2019-05-28,2022-03-31,2022-04-19 09:57:08
731,2022-10-17 06:25:59,100128591,"Willberg Walk",2019-08-13,2022-03-29,2022-06-28 11:56:28
732,2022-10-17 06:25:59,100128592,"Suction Dredge Walk",2019-05-30,2022-05-10,2022-05-11 16:56:33
733,2022-10-17 06:25:59,100128594,"River Walk",2020-11-12,2022-06-15,2022-06-22 14:57:45
734,2022-10-17 06:25:59,100131700,"",2020-10-30,2022-04-12,2022-04-28 15:56:18
735,2022-10-17 06:25:59,100131701,"",2020-10-19,2022-04-12,2022-06-28 10:57:38
736,2022-10-17 06:25:59,100131702,"Bobs Cove",2021-03-05,2021-03-09,2021-04-28 10:56:36
737,2022-10-17 06:25:59,100131706,"",2020-12-08,2022-06-03,2022-06-28 10:57:12
738,2022-10-17 06:25:59,100132202,"Pelorus Track",2012-10-25,2022-06-01,2022-06-20 11:56:58
739,2022-10-17 06:25:59,100132625,"",2021-02-21,2021-06-25,2021-08-24 13:56:42
740,2022-10-17 06:25:59,100132630,"",2020-06-30,2022-01-20,2022-06-15 16:56:36
741,2022-10-17 06:25:59,100132632,"",2020-02-25,2021-09-17,2022-05-24 17:57:01
742,2022-10-17 06:25:59,100132633,"",2020-07-09,2022-01-19,2022-01-26 08:59:36
743,2022-10-17 06:25:59,100132634,"Box steps",2021-03-23,2022-06-01,2022-06-08 13:58:25
744,2022-10-17 06:25:59,100132637,"",2020-07-20,2022-05-15,2022-05-19 11:56:46
745,2022-10-17 06:25:59,100132640,"",2020-01-21,2022-06-09,2022-06-27 17:57:15
746,2022-10-17 06:25:59,100132643,"",2020-11-11,2022-01-17,2022-01-25 09:58:06
747,2022-10-17 06:25:59,100132662,"",2020-03-11,2022-01-20,2022-06-28 11:56:22
748,2022-10-17 06:25:59,100132663,"",2020-08-07,2022-04-28,2022-05-10 09:56:19
749,2022-10-17 06:25:59,100132664,"Waikori exit end of trail",2020-02-25,2022-05-25,2022-06-01 15:02:16
750,2022-10-17 06:25:59,100132665,"Waikori exit end of trail",2019-11-27,2022-05-25,2022-06-01 15:03:35
751,2022-10-17 06:25:59,100132666,"",2021-03-25,2022-02-07,2022-06-23 18:57:07
752,2022-10-17 06:25:59,100132673,"",2021-01-15,2022-06-23,2022-06-29 10:09:13
753,2022-10-17 06:25:59,100132675,"",2020-03-19,2020-06-18,2021-03-29 12:56:31
754,2022-10-17 06:25:59,100132677,"",2020-03-05,2022-03-23,2022-04-07 15:57:00
755,2022-10-17 06:25:59,100132678,"",2020-03-05,2022-03-25,2022-04-07 15:01:09
756,2022-10-17 06:25:59,100132679,"",2020-07-28,2022-05-16,2022-05-19 13:56:34
757,2022-10-17 06:25:59,100132680,"",2020-03-10,2022-02-20,2022-06-29 10:01:10
758,2022-10-17 06:25:59,100132681,"Dune Lake",2020-07-28,2022-05-16,2022-05-19 13:56:31
759,2022-10-17 06:25:59,100132682,"",2020-07-24,2022-04-28,2022-05-10 09:56:23
760,2022-10-17 06:25:59,100132684,"",2020-10-21,2022-05-10,2022-05-11 16:56:38
761,2022-10-17 06:25:59,100132693,"Kohekohe walk",2020-06-25,2021-07-01,2021-08-18 08:56:43
762,2022-10-17 06:25:59,100132694,"Mangaone Walkway",2020-03-09,2022-05-11,2022-05-19 09:56:32
763,2022-10-17 06:25:59,100132705,"Anatoki Track",2021-02-15,2022-02-17,2022-06-27 17:56:45
764,2022-10-17 06:25:59,100132707,"",2020-03-19,2022-05-18,2022-05-20 10:56:54
765,2022-10-17 06:25:59,100132709,"",2020-02-05,2022-06-08,2022-06-20 15:57:49
766,2022-10-17 06:25:59,100132714,"",2020-02-18,2022-04-29,2022-05-10 14:56:41
767,2022-10-17 06:25:59,100132724,"",2020-02-01,2022-02-18,2022-06-28 11:56:23
768,2022-10-17 06:25:59,100132728,"",2020-05-28,2022-04-27,2022-05-11 16:56:41
769,2022-10-17 06:25:59,100132750,"",2020-10-27,2022-04-28,2022-06-28 10:56:19
770,2022-10-17 06:25:59,100132751,"",2020-10-22,2021-10-13,2022-06-28 10:57:11
771,2022-10-17 06:25:59,100133500,"Pororari Punakaiki Loop",2020-05-28,2022-05-25,2022-06-01 15:00:07
772,2022-10-17 06:25:59,100133628,"Taieri River Mouth - Track",2020-03-16,2022-05-29,2022-06-03 09:57:39
773,2022-10-17 06:25:59,100133629,"Grahams Bush Walk",2020-03-17,2021-06-17,2022-06-29 15:30:10
774,2022-10-17 06:25:59,100134712,"Henry Peak Kaiauai Track",2008-05-27,2022-03-21,2022-04-01 13:58:28
775,2022-10-17 06:25:59,100135568,"Wairua Lagoons Walkway",2009-07-09,2022-06-09,2022-06-20 14:56:51
776,2022-10-17 06:25:59,100135933,"",2021-07-09,2022-01-18,2022-01-26 11:02:56
777,2022-10-17 06:25:59,100136430,"Bennets Bluff Viewpoint Track",2021-09-23,2022-04-29,2022-06-28 10:57:10
